User_ID,Username,Video_ID,Video_Title,Views,Likes,Comments,Age,Gender,Country,Registration_Date
7268,david73,511,At need upon miss trade.,803006,16998,671,33,Male,China,2020-03-23
121,pamelasanders,218,Pass environmental high magazine game edge.,322442,42220,880,23,Other,Wallis and Futuna,2022-05-27
6672,christophermckinney,989,Modern already response white.,354406,39192,240,47,Other,Argentina,2023-07-12
6617,troyharper,788,Money expect range evidence doctor process.,590022,46043,192,30,Female,Jamaica,2023-02-12
9921,ramirezlinda,128,Win animal may standard ahead may.,699560,37739,631,54,Other,Philippines,2021-02-03
3227,carrlarry,783,Lawyer forward blood between five study.,899342,43906,10,36,Male,Ghana,2021-05-07
7661,andrea45,499,Wait some draw hold bar might.,947506,44574,113,34,Female,Bosnia and Herzegovina,2021-10-14
6261,tamicarter,913,Son bad owner.,644282,13070,840,38,Male,Luxembourg,2022-03-25
253,monique47,999,Course court trip begin once window.,137612,27393,32,25,Other,Honduras,2022-10-12
643,camposeric,941,Personal wish list.,26049,22113,409,34,Female,Liberia,2021-10-05
9197,larrylowe,508,Around no season level.,208773,12936,309,53,Female,Spain,2023-09-23
6662,tammy33,826,Administration speak middle air.,905304,28991,879,52,Male,Iraq,2019-05-29
140,gloria96,308,Study hundred toward get.,943817,5893,741,35,Female,South Georgia and the South Sandwich Islands,2021-05-30
5938,kelly14,350,Yard strategy you option.,131602,9786,296,51,Male,Somalia,2020-09-09
4543,fgarrett,121,Accept pattern hand laugh hospital.,717378,12111,641,44,Other,Afghanistan,2022-05-12
6309,gcruz,309,Hard where many pay.,142895,13031,777,46,Other,Jordan,2022-11-07
5328,christybush,109,Medical four life picture authority.,962840,39762,555,28,Female,United Kingdom,2021-04-18
3901,alanschroeder,452,Which many out push.,123304,40368,425,56,Male,Greece,2022-08-18
3674,jesse92,364,Democrat American later me environment food.,998027,45821,19,21,Other,Albania,2021-06-01
8568,paulmiller,690,Meet than better.,106213,8476,569,59,Male,Austria,2021-01-22
850,icollins,249,Structure turn thus away politics.,90940,15003,664,53,Female,Denmark,2020-11-24
5419,amberanderson,947,Memory trouble full consumer hour.,575336,45650,722,52,Male,Malaysia,2018-12-25
8956,bradleyjames,472,Fire range community budget staff small.,102841,45509,181,58,Male,Iraq,2022-01-01
465,ruben13,450,Important condition sister.,22098,5184,339,18,Female,Afghanistan,2018-11-21
9940,ericwilson,137,Stay from house health once.,837747,31823,44,32,Male,Malta,2019-11-12
1235,mccarthyfrank,251,Successful purpose sing report window mouth.,81537,14306,3,41,Male,Isle of Man,2020-07-15
4471,jordan44,458,Herself course system international lead marriage.,669592,34652,270,51,Other,Bahamas,2023-02-19
2764,abenitez,285,First poor language.,434189,6221,696,29,Female,South Africa,2019-02-09
5228,jamesbryan,931,Day think design teach determine process.,658756,2156,393,38,Male,Zambia,2018-10-25
627,herreratoni,98,Think free move parent note lose.,430803,47045,941,45,Other,Venezuela,2019-02-01
3013,petermathis,257,Remain husband political hospital.,391620,31891,140,46,Male,Hong Kong,2021-09-16
207,tracey74,767,Recent involve behavior money key.,336196,24952,764,27,Male,Cambodia,2022-06-16
1987,crystalsmith,164,Admit writer if image probably speech.,226151,21993,586,48,Female,French Guiana,2021-01-05
938,kelsey10,347,Well their maybe later product treat.,171011,28173,635,39,Female,Iran,2021-08-02
4986,johnsonmary,409,Manage federal support wind.,966544,31987,362,52,Male,Thailand,2022-08-18
1911,sydney95,660,Suggest trade day order wait.,262458,38557,857,55,Female,Poland,2019-06-29
8415,gmartin,910,Trade order cold.,76767,3616,829,45,Male,Haiti,2022-08-29
6542,oguerrero,562,Describe season idea.,903059,9900,414,28,Female,Anguilla,2022-09-11
7314,fieldsmichelle,360,Wall spend data.,887256,27293,746,28,Male,Tokelau,2018-11-23
931,iprince,68,Recently study sound teacher place.,173423,21177,260,48,Male,Christmas Island,2019-05-11
3221,sherry10,979,Way risk key industry material keep.,79045,21684,407,45,Female,Palau,2022-12-09
6776,cjones,408,Theory address mouth today paper low.,321085,14999,30,28,Male,Algeria,2023-01-27
8565,comptonaustin,323,May whether kitchen visit different wife.,821987,33641,174,40,Other,Solomon Islands,2022-03-14
115,michaelpeterson,928,Set interview about.,228793,39374,360,23,Female,French Southern Territories,2019-09-08
1531,roy14,154,Recognize his house environment thought.,423722,1133,974,21,Male,Syrian Arab Republic,2021-05-12
6608,rdickson,420,Happy occur collection item long discuss.,11594,41740,998,56,Other,Brunei Darussalam,2019-03-07
2934,tylerwiley,159,Still someone generation.,538357,27121,331,56,Male,Pakistan,2019-03-11
5617,robertskristi,754,Who same example agent.,14741,38099,405,18,Other,Saint Lucia,2019-01-08
7493,michaelrogers,875,Doctor send president purpose away.,388045,38384,947,44,Male,France,2019-04-15
1887,kimberlyrasmussen,784,Board skill current.,302298,1428,542,45,Other,Jordan,2020-05-24
162,danny96,943,Itself produce describe.,211689,24043,183,55,Female,Angola,2023-09-14
6335,whiteandrea,160,Draw choose foreign military.,899453,21098,992,32,Male,Greenland,2021-08-21
9853,larry39,398,Economic federal heavy team only.,387886,14310,554,49,Male,Brunei Darussalam,2020-04-13
9993,davisrichard,774,Imagine country trip.,827009,14331,378,53,Female,Honduras,2021-08-19
4441,wcarter,324,Up positive majority anything outside reason.,441500,45624,164,33,Female,Pakistan,2020-12-13
5909,rogersmegan,605,Near fall suddenly fact we magazine.,187644,41121,744,44,Other,Chad,2021-10-19
1377,wadejohn,801,Design entire star firm point rest.,434801,23560,622,48,Other,Vanuatu,2022-10-26
6370,crogers,787,Answer we man can Mr.,885183,37199,499,24,Female,Belarus,2023-05-04
7512,codydawson,137,Agreement test science notice.,507821,33868,93,24,Other,United Kingdom,2019-08-08
2154,julie46,335,Born one office.,639430,40425,642,55,Male,Haiti,2021-06-29
4493,lewisjason,369,Fly however well something later.,63848,37875,386,48,Other,Ukraine,2021-09-16
8972,thompsonneil,352,Stage while especially.,890622,22372,273,28,Female,Sudan,2021-11-14
8629,madison08,973,Know art wonder religious.,857317,45883,451,55,Male,French Polynesia,2018-12-09
866,sylvia35,911,Manager growth yeah ground reach teacher.,272710,42124,439,60,Female,Montenegro,2018-12-21
903,iclay,234,Because relate as so already.,3395,15996,229,41,Female,Germany,2019-02-08
1842,staceymartin,797,Thank bill lead.,729317,10199,114,19,Male,Argentina,2022-03-20
206,eugene96,337,Source feeling third while soldier hand.,965842,39334,943,19,Female,Uganda,2021-04-02
4788,steven12,616,Production care single.,9808,23394,587,23,Female,Turkey,2022-06-29
2558,smithhannah,317,Size run field bar.,308460,19861,743,49,Male,Saint Kitts and Nevis,2022-11-02
1761,rcampbell,399,Night him account relate bill sea.,461666,35009,814,24,Other,Jordan,2020-12-11
9893,morenochristopher,809,Dark live serious carry eye.,737725,39583,298,42,Female,Austria,2018-11-14
190,lambertsteven,59,Kitchen another foot generation key pattern.,333132,39657,798,45,Male,United States Minor Outlying Islands,2023-07-24
9415,warrenmark,376,Bar less price need.,406116,17246,637,37,Male,Kenya,2020-06-24
9076,larry14,434,Community teacher right.,710758,42249,360,47,Female,Turks and Caicos Islands,2021-05-21
2040,rodriguezerika,710,Result military popular.,509404,49049,500,31,Other,Malta,2023-08-16
4204,christopherwilson,54,Much country same inside common town.,693145,27755,77,27,Female,Rwanda,2022-06-10
9539,jessecox,500,Sometimes data partner.,999948,11313,672,45,Other,Guadeloupe,2021-12-07
1947,parker69,225,Left full space sometimes mean.,818109,32643,633,23,Other,Congo,2023-01-30
9121,paulrodriguez,744,Service their question.,227559,32587,304,19,Other,Croatia,2019-07-17
261,kellygray,379,Benefit small dream.,417614,1913,562,39,Female,Nepal,2021-08-06
6396,byrdkelli,324,Look radio away bar.,705542,31613,332,43,Other,Panama,2022-01-04
8732,vanessa14,955,Local road interesting once industry ten.,812113,37909,71,53,Male,Guam,2020-04-23
4625,carpentermonique,936,Education same tell share.,86451,28396,802,38,Male,Lebanon,2021-03-07
7033,thomasnelson,357,Clearly carry suffer coach fear son.,619731,5369,636,27,Male,Austria,2019-09-17
4956,michaelwhite,59,Together nearly century contain building daughter.,804352,6989,19,51,Other,Latvia,2021-07-09
9337,nfuller,840,Certain street assume.,498583,31973,182,49,Other,Croatia,2022-03-06
5465,cgross,389,Others get low describe society.,79082,46955,701,41,Male,Ukraine,2020-06-28
6563,jacquelinejackson,558,Among American sit spring.,280710,3401,952,58,Female,Fiji,2021-11-15
4019,kayla26,664,If program fund.,566896,40660,491,32,Male,Paraguay,2023-09-26
686,hannahcarlson,464,Door will measure.,649545,37460,976,29,Other,Tunisia,2022-01-28
8317,zjones,157,Send risk star arm maintain ago.,806091,12461,296,18,Other,Tunisia,2019-12-17
3426,dalton86,268,Little speak still see interesting.,839149,17226,856,25,Male,Guernsey,2021-06-05
4327,john78,687,True child theory cut down.,234770,48683,948,23,Other,Montserrat,2022-12-05
2060,hillmark,819,Sure skin information west set.,153732,1162,358,59,Male,Samoa,2021-11-05
1024,hwilson,637,Kitchen time smile reveal picture to.,985232,28607,42,56,Male,Bhutan,2022-02-10
1029,cohensusan,991,Dinner care outside respond.,262198,36790,450,53,Other,Saint Pierre and Miquelon,2020-11-03
2219,smithjeremy,382,Doctor third guy break.,252198,27739,935,54,Female,Tuvalu,2019-06-24
2737,ray64,341,Voice expect for factor listen.,939175,34287,413,30,Male,Greece,2021-04-30
3090,stacydavid,157,Despite together individual speech.,593693,30673,540,23,Other,Solomon Islands,2019-04-26
7196,noblekatherine,266,Brother dog chair important risk mouth.,41697,46511,810,41,Male,Netherlands,2023-03-21
9446,kwhite,41,Suffer report man a.,241808,46194,189,56,Female,El Salvador,2020-12-19
7716,nelsonryan,822,Congress course reduce lawyer father method.,228519,18393,849,32,Male,Zimbabwe,2020-01-29
9823,jonesmichael,485,Agency gun responsibility Democrat.,803637,22737,731,52,Male,Heard Island and McDonald Islands,2021-05-28
2356,christopheranderson,604,Example person source me win page.,437337,30451,488,25,Other,Ireland,2021-04-03
9815,jeffreyblack,770,Eye its service.,933727,13538,862,46,Male,Holy See (Vatican City State),2022-03-05
3367,whiteleah,506,Mission early pass create.,722073,34309,403,26,Female,Egypt,2020-09-29
7827,wheelerjohn,140,Goal on development both force suffer.,881241,24422,667,52,Other,Sweden,2019-09-24
4001,brittany15,857,Bring show forward ten rest yeah.,923374,8340,623,18,Male,Taiwan,2019-12-24
4513,ronald40,795,Whole issue maybe fight.,347047,28694,872,35,Female,Korea,2021-01-06
957,gturner,495,Similar already capital.,929122,41009,963,29,Female,Pakistan,2019-07-24
9300,angelicahill,500,Kitchen something race.,995236,30614,693,55,Other,Christmas Island,2020-12-24
7639,caleb44,286,Law impact campaign cold.,268156,40602,477,42,Other,Sweden,2022-06-08
6871,xmoon,481,Common reflect here.,780302,15295,328,20,Female,Peru,2019-10-15
4444,nmerritt,729,In scientist over role budget.,887639,8554,753,46,Female,Swaziland,2023-09-04
5586,uthomas,953,Western more kind story.,480815,10847,280,26,Female,Armenia,2018-12-04
8086,aavery,278,First chance pretty sound apply current.,973949,37331,524,46,Male,Netherlands Antilles,2018-11-07
5284,guerrajoseph,534,Power world fall many.,709468,25044,757,26,Female,Morocco,2018-12-27
6792,lisa52,336,Response glass magazine.,908443,20250,118,57,Female,Sri Lanka,2021-02-19
7321,markgarcia,491,Real large and of.,962480,3772,478,50,Other,Marshall Islands,2019-05-18
1262,seangraham,711,Would film discuss front voice.,532939,4738,356,26,Female,Cyprus,2019-01-14
1133,xlopez,874,Together into despite operation article tough.,388110,10928,915,38,Male,Portugal,2020-04-27
4372,debra42,899,Name share reason nation company someone.,404843,46703,670,31,Male,Puerto Rico,2019-02-26
8679,smithdonald,938,Protect class piece sea.,39911,35689,552,38,Other,Turkey,2018-11-08
818,latoyabarr,719,Song run ten that these school.,492372,19537,163,22,Male,Mauritania,2021-12-06
8529,baileygarrett,195,Election sister allow concern.,400259,12153,603,43,Male,Martinique,2019-11-08
119,juan15,302,Customer morning follow partner discover policy.,376480,39555,82,37,Female,Western Sahara,2023-08-11
4445,thomasbrock,935,What meeting important.,245678,8073,444,40,Female,Solomon Islands,2023-09-12
9630,jasminesmith,376,Start day arrive.,536627,3965,728,27,Female,Bangladesh,2021-10-20
7141,sheri44,308,Travel Democrat friend way rich.,330386,429,376,18,Other,Lao People's Democratic Republic,2020-03-01
1351,mklein,386,Degree quickly character baby parent or.,748202,25577,906,28,Male,Philippines,2019-10-02
3698,farrelljudith,565,Imagine bill economy.,655382,6167,155,48,Other,Bulgaria,2023-07-09
495,brendastein,447,Explain also anyone success really statement.,262064,5810,872,59,Other,Anguilla,2020-05-04
9059,nyang,215,Safe resource win.,295708,36788,413,35,Other,Swaziland,2023-08-24
370,brittany02,446,Measure generation my herself media space.,703147,32821,165,38,Other,Burundi,2019-12-26
3588,willie02,259,Hundred when design nothing suggest.,810948,47970,438,47,Other,France,2022-09-08
3619,uwright,382,Field land far ask north doctor.,420844,22129,892,45,Female,Korea,2020-09-04
60,cunninghamgregory,579,Effect nor reduce simply.,558645,9234,592,29,Female,Kuwait,2019-12-13
3840,qjackson,501,Room first different for that.,530244,26162,381,34,Other,Holy See (Vatican City State),2021-02-02
6946,nhoward,71,Serious either talk because compare.,599985,22634,400,42,Other,Nauru,2021-09-27
9989,yoderscott,371,May pressure structure each finally.,750337,17652,123,56,Male,Ethiopia,2020-01-31
8587,joshua37,946,Write past upon design our.,317808,34853,659,29,Male,Jamaica,2022-08-30
5074,christopherjones,299,Laugh me allow behind line paper.,226890,39468,610,41,Other,Bosnia and Herzegovina,2019-12-28
2142,loricolon,515,Interesting position program method.,846823,43379,864,36,Male,Antigua and Barbuda,2019-07-15
2530,houstonkaren,181,Hold stand radio.,200759,35449,463,45,Female,Aruba,2020-01-17
1499,jason16,795,Effect person task.,343235,25576,870,36,Male,Niue,2021-01-13
9042,angela43,109,Finally western explain hope wear research.,935616,18838,490,42,Other,Liechtenstein,2019-05-01
9934,youngkathleen,355,Would effect painting.,763654,34373,252,37,Other,Estonia,2019-03-19
5203,justin39,248,Blood up check chance our.,488769,24908,806,54,Other,Korea,2021-05-28
9396,ebyrd,753,Ten understand population ever by.,39361,38103,374,59,Female,Guyana,2020-01-03
4596,chenshawn,264,Billion everybody clearly.,320671,47461,875,44,Male,Lesotho,2018-12-11
2122,jared91,798,Write girl mission production.,28144,29019,944,39,Other,Bosnia and Herzegovina,2020-06-08
1045,amydavila,329,Reveal represent glass minute position debate.,30908,36967,848,56,Male,Bhutan,2023-04-27
4350,ohobbs,142,Situation knowledge despite modern.,439783,43200,355,31,Other,Jamaica,2023-05-31
4570,obell,119,Always then commercial young type.,752855,21240,994,18,Female,Taiwan,2021-07-07
9973,gina63,207,Serve support spend ability.,568054,31941,690,58,Male,Zimbabwe,2020-11-11
6254,maryrobinson,182,Part ok play kind.,509936,31975,264,50,Other,Iran,2023-02-04
9603,john29,263,Official prove meet mind.,96308,2387,311,59,Male,Spain,2021-01-06
9428,lindseycrystal,674,Education force last identify sound hot.,356347,44796,483,26,Other,Slovakia (Slovak Republic),2019-12-25
1039,robertstravis,371,Person out trouble.,720582,37612,859,48,Male,Dominican Republic,2019-02-07
3150,ygeorge,678,Threat order next.,653815,16961,868,33,Female,Guadeloupe,2019-01-11
1262,abigailbryant,480,New side easy card often.,199743,39888,781,55,Other,United Kingdom,2021-10-22
6135,pyates,448,Agency life analysis whom memory once.,623963,42396,132,22,Male,Spain,2020-08-01
9555,petersjill,301,Reveal house employee agreement big.,245029,2753,923,27,Female,Mayotte,2022-04-21
4484,zgood,711,Image art spring art site establish.,574495,35632,256,23,Male,Oman,2021-07-24
2473,ojones,868,Six professor its reveal.,60071,47881,295,43,Female,Rwanda,2020-10-21
9368,dmorales,709,Remember ask enough country space entire.,807892,21088,899,56,Female,India,2022-06-14
4593,deanbarron,455,Section must professional PM present serve.,923036,6092,911,42,Other,Mayotte,2019-03-12
5734,kristopher86,672,Whole hot car.,83585,7751,322,43,Male,Kyrgyz Republic,2021-08-30
8506,williamgonzalez,751,Customer each happen low.,138219,8237,232,59,Male,Djibouti,2023-03-15
7269,cjohnson,103,Create hair behavior for hit whole.,946560,35013,113,22,Female,Wallis and Futuna,2021-02-11
4832,castanedaholly,244,Theory over sometimes system.,936481,6944,883,55,Male,Fiji,2019-09-10
2130,kristinafloyd,753,Use beautiful within sport.,779312,36146,97,49,Male,Armenia,2021-11-11
9249,amber66,90,Decide next so cultural air.,156530,41122,56,33,Other,Morocco,2023-02-08
6917,andrea05,236,Reveal moment democratic scientist however knowledge.,275859,41456,655,22,Female,Dominican Republic,2021-10-07
2582,kathrynblackwell,503,Form military sister.,769079,41588,248,33,Male,Latvia,2020-04-29
746,michelleflores,210,Fight across world eight.,159632,37794,799,28,Female,Afghanistan,2021-05-13
3181,suzannewalker,171,Same identify car although section.,988150,6295,364,52,Female,Uganda,2021-12-05
6759,juanrivas,122,Director just health long even blood.,866974,28675,450,51,Male,Germany,2022-03-03
5982,jasminedavis,301,Reality least artist our go.,823457,29043,808,19,Female,Guinea,2019-10-06
9139,tjohnson,179,Southern clearly send.,231963,1991,3,18,Male,Central African Republic,2019-03-19
8817,whall,822,Represent knowledge him set.,415400,27783,459,45,Other,Azerbaijan,2019-01-28
134,gpeck,266,Food risk office draw.,256656,27073,785,28,Other,Georgia,2019-12-13
8205,nicholaschapman,861,Draw billion simply possible manage.,427961,9181,236,36,Male,Pitcairn Islands,2019-08-09
2257,amberbarry,977,Keep a so.,554398,44658,924,60,Female,Switzerland,2022-10-23
7656,woodscrystal,727,Maybe whether might least officer.,915760,33448,618,49,Other,South Africa,2023-04-29
9416,gonzalezcarol,24,Compare face many media beyond.,761137,4919,325,41,Female,Tanzania,2019-01-10
1448,laracindy,906,Trade prevent cut might.,70512,606,856,32,Female,Tajikistan,2019-06-28
7879,michaelsmith,544,Nearly black matter.,228034,24996,702,22,Male,Togo,2019-05-20
1900,steventhompson,520,Should high close.,939139,44122,515,39,Other,Argentina,2023-08-11
8584,tuckergeorge,934,Possible else employee despite letter.,132654,31614,476,53,Male,Bangladesh,2020-11-05
7633,david97,569,For when set safe.,111324,37654,296,50,Other,Puerto Rico,2021-03-09
2505,hparker,878,Too law explain low pick.,216514,14952,446,39,Other,Slovakia (Slovak Republic),2020-07-13
9643,williamvillarreal,510,Above will onto force west.,877093,42232,842,46,Female,Reunion,2020-09-28
3375,hoganelizabeth,233,Born catch born speak force.,743846,29347,712,40,Other,Gibraltar,2022-08-19
5760,fadams,923,Thus ready road reach.,134228,17922,285,35,Female,Burkina Faso,2023-02-21
2773,pcampos,674,Simply but be wish.,889343,22570,152,22,Other,Nigeria,2022-09-11
7880,carrcarol,514,Town face experience.,238480,45942,529,28,Male,Mauritius,2023-06-17
174,johnsongina,730,High teacher end change.,137955,3382,258,18,Female,Turks and Caicos Islands,2021-11-11
7780,jamiesmith,240,Professor finish choice investment.,351157,29896,440,44,Other,Brazil,2022-04-08
2139,thomashoward,255,Employee difference should tell outside.,53378,33755,787,31,Male,Gibraltar,2023-04-29
1681,melissa19,574,Between ability however somebody less.,524652,4446,539,58,Female,Niger,2023-03-10
5018,wilsonanthony,809,Character maintain language visit.,556520,10773,559,19,Other,Belgium,2021-06-03
1012,johnsondaniel,117,Practice development together read human.,488960,10855,792,39,Other,Japan,2020-11-23
3049,ryancrawford,675,The fine clear want me discuss.,16990,23920,35,19,Other,Malaysia,2021-07-08
966,afisher,674,Trouble drop like its building.,566882,36081,936,49,Other,Cayman Islands,2022-02-17
9638,acook,978,Century because adult necessary financial.,756155,30761,977,22,Other,Nauru,2020-07-25
1168,elewis,119,Direction notice little half.,362129,14023,664,34,Female,Denmark,2020-10-25
2662,christinecollins,413,Key stage meeting factor.,313668,6499,295,20,Other,Iceland,2022-04-01
4725,fjones,266,Sign what positive meet actually record.,615431,40990,353,32,Other,French Polynesia,2023-05-13
533,gordonmatthew,76,Per piece somebody.,844448,5120,308,35,Female,Tajikistan,2021-02-24
236,pamelabooth,516,Ball ahead although perform war director.,40787,5636,511,20,Male,Finland,2020-10-22
43,amandaproctor,131,Choose whether full child face.,58679,13495,550,28,Male,Ireland,2018-11-23
9035,qashley,745,If never forward successful color.,698458,35934,885,42,Male,Bolivia,2019-03-15
5523,charles03,351,Art news stand answer be.,197323,1336,299,40,Female,Trinidad and Tobago,2023-09-07
8967,ramirezbrian,750,Guy still benefit writer century.,104880,12441,231,34,Male,Kyrgyz Republic,2022-04-02
1618,michael46,64,Over show miss reality north do.,990430,9802,761,60,Female,Gambia,2022-02-11
3951,anthonysullivan,284,Movement year they.,965743,49794,284,43,Male,Liechtenstein,2021-08-31
999,ronald13,740,Service family feeling summer red.,280038,41850,392,27,Female,Faroe Islands,2019-02-16
2105,sherylnorris,175,Trouble thousand be vote behind discuss.,134488,7472,884,50,Male,Bangladesh,2020-05-20
3017,richardsondiane,802,Enjoy amount fund before.,171472,27849,353,59,Other,Slovakia (Slovak Republic),2020-02-28
6587,carlos33,968,International blood window dream.,325664,43279,830,42,Female,Kuwait,2019-10-14
3116,zbarnes,724,Card notice peace sit present.,380281,2267,868,47,Female,Azerbaijan,2023-01-02
8346,wadelauren,796,Share catch kind with develop tend.,820201,11988,144,21,Female,Malaysia,2022-05-14
7918,eugenecalhoun,902,East special mention.,567068,41221,895,31,Other,Cuba,2020-07-30
1345,sheilahernandez,308,Defense individual arrive although his environment.,724971,32246,739,35,Female,Bouvet Island (Bouvetoya),2020-02-27
6105,halevanessa,473,So voice key medical theory.,728459,22654,559,33,Male,Australia,2022-06-03
5629,kim82,247,Recently water claim however character table.,374381,25989,380,53,Female,Honduras,2022-10-29
9135,brandon08,226,Affect office effort effect approach.,540445,26710,790,32,Female,Indonesia,2022-02-11
77,kyle22,91,Me lot occur doctor another home.,546419,46891,802,23,Male,Saint Kitts and Nevis,2021-09-07
5380,daniel07,343,Able able catch make message point.,795714,37408,773,36,Male,Poland,2023-05-17
4200,dcox,712,Future certain himself sit.,831839,14533,213,41,Female,Honduras,2023-03-03
8975,nicholaskerr,359,Share road call art another.,10551,30401,181,56,Male,Guadeloupe,2022-12-08
9056,bgreer,381,Lawyer president area minute.,578373,15361,314,28,Female,Tonga,2020-04-13
80,townsendandrew,137,Stand television official certain everyone.,266246,42205,214,46,Other,Portugal,2019-03-11
2614,zellis,348,Inside hot responsibility.,570541,35745,790,32,Other,United States of America,2023-01-21
7860,ichaney,861,Describe since before establish.,9553,33702,344,19,Other,Aruba,2022-02-13
2916,qkrause,349,Arm lay car make thousand view.,140849,39393,52,43,Female,Turkmenistan,2020-10-11
4921,oreed,594,Old give bad little kid wife.,101630,47032,550,39,Male,Western Sahara,2023-06-03
5904,richard18,430,Church audience pattern investment these edge pass.,393840,15003,779,18,Female,Eritrea,2023-09-07
5324,lwu,526,They statement stay all against drop.,241765,3076,680,47,Female,Denmark,2019-09-28
3568,veronica11,448,Conference talk factor.,194020,28471,381,23,Female,Samoa,2020-06-11
4463,taylortracy,603,Capital fear different born.,13200,37794,26,49,Male,Haiti,2023-04-23
8594,amber79,889,Past give effort all.,661194,44646,200,35,Female,Fiji,2023-01-08
878,larrypeterson,311,Whether drive read nor will Congress.,275886,35122,811,48,Female,Kiribati,2019-02-26
6106,scuevas,212,Task rest back feeling particularly picture.,282883,34938,263,26,Other,Norfolk Island,2021-10-24
1129,harrisdavid,446,Very all behind statement politics sport.,786802,46929,752,44,Female,South Africa,2022-10-23
5186,jasonfoley,274,Top even open hold.,592364,1134,467,42,Male,Tanzania,2019-10-21
6110,brandycastillo,429,Inside maintain out.,496574,16438,278,42,Male,Iraq,2018-10-08
5507,ariana53,489,Heart news lead account.,173558,3208,790,33,Female,Cuba,2019-06-22
4362,lewisedgar,718,So everything animal.,687294,34444,976,32,Male,Czech Republic,2021-05-14
3057,cesarhamilton,642,Bed both word.,460324,37952,185,37,Female,Nicaragua,2020-01-20
3371,justin39,301,Onto discussion attorney suddenly space continue.,167540,30069,4,29,Male,Colombia,2022-07-21
6652,dmartinez,662,Town and much stand.,454425,11860,661,52,Male,Marshall Islands,2019-08-29
1175,sarawiley,899,Now national plan.,787892,25414,142,27,Female,Iran,2021-02-20
5790,washingtonjohn,573,Guess offer modern town.,551764,47238,909,40,Male,Turks and Caicos Islands,2021-03-14
7690,vincentstone,433,Mind floor building.,982890,23918,424,32,Female,Seychelles,2021-04-16
2192,david82,555,Operation color single house here media.,561168,10620,875,49,Female,Georgia,2019-04-29
7670,dean28,439,Know do best small.,133594,48384,982,52,Male,Chad,2023-02-12
4799,olewis,446,Us speak least season without organization.,903345,43583,636,34,Female,Ecuador,2021-11-13
7488,millerroger,468,Newspaper another voice business skin together.,671582,21374,819,50,Male,Tajikistan,2021-02-07
9960,wallen,44,Never threat expert him cell.,530453,19787,282,26,Other,South Georgia and the South Sandwich Islands,2022-02-18
8472,coreyhughes,326,Instead figure population.,339520,48305,324,41,Female,Slovenia,2020-06-20
5657,pgibson,326,Believe marriage media each.,143418,36340,413,32,Female,Nepal,2022-04-23
5834,emiller,937,Poor when full mouth region western.,107082,36322,809,36,Other,Libyan Arab Jamahiriya,2019-07-20
3113,phahn,653,Movement PM themselves stage shake.,376655,4566,446,51,Male,Suriname,2019-12-31
3981,carla81,760,Magazine property important.,917787,37355,236,47,Other,Reunion,2021-08-23
9109,dpayne,632,Just newspaper study.,472647,4547,853,38,Female,North Macedonia,2022-07-17
5500,johnpalmer,882,Impact science four happy.,12688,6752,245,52,Female,Timor-Leste,2020-10-13
1529,ronald37,891,Miss stock throughout health set history.,966637,35838,436,40,Other,Uzbekistan,2021-07-12
3475,thomascassandra,705,True study great lose financial.,820454,27869,917,27,Female,Mauritius,2023-08-18
4591,singletonjessica,545,None necessary mind thousand sort TV.,65597,1610,726,24,Male,France,2019-08-14
869,angela99,970,Director morning minute old issue participant.,118105,29068,867,42,Other,Netherlands,2021-07-14
7923,jessica51,567,Author item model know perhaps city.,22615,1395,218,58,Other,Greenland,2023-02-19
8139,monica18,77,Mind term prevent high.,35857,3938,783,56,Other,Lebanon,2019-04-06
1815,heatherhunt,671,Sea third present will social concern.,395468,26317,28,48,Other,Sudan,2023-08-18
5669,dgonzalez,595,Significant phone however.,722249,3077,749,30,Male,Libyan Arab Jamahiriya,2020-05-01
2340,wwatson,674,Without environment state leader.,46977,23448,489,20,Other,Solomon Islands,2022-09-14
5374,zballard,750,Not history scene dark sell too.,296856,42906,438,31,Male,Panama,2020-07-27
9311,xgriffith,749,Wear admit once.,847069,8484,726,27,Other,Australia,2018-11-21
5923,eharris,885,Order dark age.,683242,10905,60,29,Female,Germany,2018-11-27
5135,rpotts,9,Anyone bank property price word billion.,987161,49663,429,19,Other,Aruba,2019-02-26
5777,rodriguezelizabeth,496,Her window none middle model.,212728,9710,785,59,Male,Maldives,2020-01-06
9268,david31,804,Quite performance unit book hope traditional.,24806,3556,850,23,Male,Latvia,2019-01-08
8586,ayork,463,Perform local do.,937003,36291,733,46,Female,Iran,2023-03-24
8228,james24,470,International want service instead either number.,210085,43458,106,31,Other,Finland,2019-02-23
9231,williamgallagher,799,Bed city bring start community unit.,694649,4397,606,34,Other,Moldova,2018-12-06
3107,williamparker,831,Player somebody rest computer factor discussion.,265766,26956,181,22,Female,Latvia,2023-02-27
6288,martinchristine,775,Size guy on now center.,176867,12180,507,52,Other,Zambia,2022-03-15
9097,imaldonado,879,Mr work or ground anyone country.,73297,30845,355,24,Other,Tuvalu,2020-07-14
1829,kelly33,77,Capital number camera tend.,528302,24010,140,57,Male,Ethiopia,2020-11-28
8368,williamkrause,278,Pull much identify sing find.,32341,6689,997,30,Other,Cambodia,2022-03-28
221,sloanjames,519,Edge child fast onto only try.,701535,10592,883,34,Other,Guam,2020-07-27
6793,molly85,876,Number want according entire look.,552188,34378,978,38,Other,Nepal,2022-06-23
1369,cindyyang,775,Adult meet goal them certainly chance.,398309,41200,534,44,Female,Estonia,2023-01-21
2812,rtaylor,512,Player position doctor space.,427484,49968,141,52,Female,Montenegro,2020-07-05
8362,joseconway,678,Forward performance charge real pay.,803511,43967,329,31,Female,Cook Islands,2020-10-24
6393,melissamccullough,827,Who want government.,939287,28990,482,45,Female,Western Sahara,2021-08-06
2343,cherylphillips,184,Always style tell hit.,498042,30069,841,25,Other,Uruguay,2019-09-17
5559,hayesjoseph,926,Western operation glass source outside return.,932156,42440,285,43,Male,Vanuatu,2021-12-22
8344,foleyjames,250,Need world especially paper.,652631,41856,937,48,Male,Kenya,2022-03-09
5952,kristincollier,166,Process push under.,499152,12645,219,37,Other,Uzbekistan,2019-10-15
202,dave17,741,Manage other material guy cover bring.,872782,24180,718,38,Other,Malaysia,2020-09-15
5806,juanwalker,276,Out dream argue crime.,829738,30088,645,45,Female,Saint Vincent and the Grenadines,2021-05-10
188,jasonnichols,21,Travel part adult from.,468952,38732,911,24,Female,French Southern Territories,2022-06-29
8178,jbennett,754,Practice value require listen.,753270,18178,962,46,Male,Senegal,2020-10-31
5969,justin45,442,Company hair claim Mrs most I.,716343,18157,493,19,Other,Korea,2019-12-06
6085,bbush,841,Level visit win.,368266,34175,195,38,Other,Burundi,2022-08-26
559,donaldoliver,216,Its relationship under know personal whether.,629005,23526,754,38,Male,Djibouti,2021-02-08
8934,elizabethmcdonald,627,Mr back help five instead organization.,60605,37588,423,29,Female,Estonia,2020-12-19
3529,lisa90,903,Heart stage customer.,719473,31835,261,18,Female,Philippines,2023-06-18
1368,amandathompson,491,Toward believe service example.,765144,33869,374,25,Other,Japan,2021-01-29
3596,sandra21,640,Free now when situation.,869911,39801,158,48,Other,South Georgia and the South Sandwich Islands,2023-01-29
2642,jasonpitts,907,New kitchen science apply deal eight.,257828,1322,973,54,Other,Angola,2021-10-23
7553,stacy39,658,None manage usually seem key child.,935707,19847,379,18,Other,Christmas Island,2022-01-27
8530,nathan78,256,Pay speech remember.,418378,24874,220,20,Female,Djibouti,2020-06-23
4805,donnareilly,429,Against student dog doctor guess.,788749,39753,205,19,Female,Gibraltar,2019-08-31
2830,kimhuff,753,Road low behind.,577582,28190,30,23,Other,Solomon Islands,2023-07-06
1954,holly84,640,Affect least guy control.,23199,40731,516,27,Other,Guinea-Bissau,2021-04-26
5363,jenniferbaird,385,Prepare purpose soldier.,306511,452,659,38,Other,Cuba,2019-05-15
4900,obowen,492,Movie cost safe receive power.,801540,7888,399,32,Other,Lithuania,2020-11-24
8263,balvarez,23,Gas president include join guy.,43768,8931,959,46,Male,Nepal,2022-01-03
3594,michael42,466,Beat probably low fly hair west.,275082,20299,419,39,Other,Germany,2022-07-04
469,campbelllaura,524,Effort image magazine.,824743,8411,791,36,Female,Mali,2021-10-15
933,john65,958,Test create direction family hard.,110737,26764,870,32,Other,Martinique,2022-10-27
2233,elizabeth34,985,Girl wrong discover.,884887,37807,107,38,Female,Norway,2019-10-25
1664,dsandoval,398,Step beautiful two.,938794,40262,675,60,Female,Latvia,2020-11-11
2873,wigginsbrian,732,Behind TV performance.,446932,26960,84,27,Other,Falkland Islands (Malvinas),2021-06-15
5047,lparker,649,Method water ground fire heavy.,881957,35291,582,56,Other,Samoa,2022-02-14
5514,kholloway,241,Born discuss law the.,931211,48255,96,44,Male,Martinique,2021-02-05
8663,yschultz,96,Special think five.,670735,9456,634,22,Male,Wallis and Futuna,2021-07-05
7545,cordovamelissa,903,Ground time mother.,686677,48656,393,29,Female,Korea,2021-02-14
4017,juliafranklin,538,National treat success their.,691356,41978,981,34,Other,New Caledonia,2023-07-02
6284,matthewgray,882,High debate society.,288854,32213,87,54,Male,Morocco,2019-09-02
4720,uholland,615,Response tell article only.,280673,34131,406,47,Male,Canada,2021-08-30
8711,wrightdebra,844,Religious at ten toward as my interesting.,733740,10834,981,25,Female,Poland,2019-09-21
1457,robertwang,394,Candidate history despite along charge town.,552157,5933,590,39,Female,Kuwait,2021-10-18
1918,jocelynwhite,569,Realize family knowledge market occur cover write.,28165,34324,111,29,Male,North Macedonia,2020-09-12
240,andreajimenez,447,Bag of that get choice.,963221,35348,289,34,Female,Nigeria,2022-07-14
5130,ericblack,887,Young know staff major prove team.,954522,19859,812,57,Female,Liberia,2022-10-14
1402,mthomas,557,Southern activity meeting quite.,660699,41246,31,48,Other,Djibouti,2022-06-19
8502,zrice,369,Eye system low but.,944617,13318,514,41,Male,Italy,2023-09-18
2937,adamthomas,715,Now people election leg first hospital.,779089,6760,174,46,Female,Iceland,2019-07-28
429,julia90,839,Prevent certainly certain action.,859183,16339,528,58,Other,Latvia,2022-06-16
3319,anthonymoore,936,Same white minute reflect talk home.,381756,10921,860,40,Other,Spain,2021-05-08
686,yblackwell,385,Party everyone draw market administration sport.,36554,6523,781,39,Male,United States Virgin Islands,2020-08-24
5273,patricia67,754,Interview number past range.,55732,12652,832,57,Male,Uruguay,2019-03-27
4714,john43,92,Production anyone four say his fact.,845757,7149,134,42,Other,Lebanon,2019-10-21
1252,annajohnson,99,Civil current heart agreement happy month.,471096,29301,455,23,Female,Somalia,2023-09-20
5137,collinsrobert,525,Senior support next local yes.,793737,42505,577,60,Male,Georgia,2023-07-19
3340,angelagriffin,727,Prepare book yeah find how election.,704662,35491,429,20,Male,Guinea-Bissau,2022-09-19
3583,nicholasgraham,835,Daughter individual my.,293632,42912,678,49,Female,Heard Island and McDonald Islands,2022-06-01
3978,lewissandra,593,Too life just page director.,86441,35860,926,53,Male,Myanmar,2022-01-21
5951,angelathomas,593,Trial market thank reality provide.,406600,16972,489,45,Male,Nepal,2020-09-27
9763,tracycooper,397,Fast language building.,118720,11673,821,45,Other,Timor-Leste,2022-07-29
9124,karenramirez,64,Despite artist base.,780252,10312,459,50,Female,Ireland,2020-12-25
1173,sheilaellis,573,Box likely defense different despite travel.,704788,15406,82,52,Other,Qatar,2023-06-24
9668,jessica70,109,Over former young.,897540,24046,607,49,Other,Estonia,2021-04-30
5790,carl55,297,City beyond military myself number.,819787,15791,799,36,Female,Puerto Rico,2019-03-22
1395,agordon,198,Finally day around woman need.,422726,41799,278,39,Other,Mongolia,2020-06-18
2961,mathew32,992,Beautiful want certain.,953672,38632,464,51,Other,Bhutan,2021-07-08
44,alanellis,95,Either across dark church.,682876,19968,602,31,Other,Uruguay,2023-09-12
6741,aprilmoreno,557,Degree rock tax view.,512470,2318,314,46,Other,Czech Republic,2023-08-08
8481,amcneil,21,Talk reveal real really door draw.,345301,33619,94,44,Male,Saint Martin,2023-06-11
638,michaelbarnett,602,Poor be environment new support meet.,884210,22923,61,23,Female,United States Virgin Islands,2023-06-04
631,marissa13,516,Standard she how than class.,765048,42790,346,59,Female,Guernsey,2018-11-01
2001,ibrown,505,Research data military.,400857,854,858,52,Male,Hong Kong,2020-01-20
4481,wilsonrichard,31,Above employee third.,756463,48771,163,50,Male,Andorra,2021-04-10
8642,rsingleton,423,Daughter really improve church front their.,433385,14033,987,60,Male,Djibouti,2020-01-29
7234,xrandolph,778,Moment item everyone since hold.,73070,32918,919,55,Female,Gabon,2022-09-05
6705,jasongarcia,127,Leg must responsibility establish anything require.,395216,8946,538,41,Other,New Caledonia,2020-10-13
278,williamsjody,56,According expect step.,117220,16328,239,59,Male,Aruba,2022-10-18
1258,harryperez,222,Bar energy right age particularly.,454254,20182,372,54,Female,Norfolk Island,2019-11-23
1463,ubeard,415,Sell your tough who.,704821,9234,598,57,Other,Isle of Man,2019-09-29
8634,ymiller,241,Carry pay condition stage ago because.,103958,9274,217,26,Other,French Southern Territories,2022-12-11
8000,youngjessica,563,Keep rise standard city.,256259,23740,302,29,Female,Holy See (Vatican City State),2021-05-10
5501,nblair,475,Go huge senior.,483694,23362,821,46,Male,Slovenia,2020-01-29
5489,pattersonjennifer,315,Job situation return why physical report.,805236,15483,734,22,Other,Saudi Arabia,2020-04-21
5565,vjohnson,621,Into much value response.,983620,18489,72,53,Other,Ukraine,2019-02-22
4390,susan32,627,Race strong service.,670641,64,694,21,Other,Mozambique,2019-11-04
3963,stephanie43,159,Level world significant dream.,257384,25668,773,31,Female,Czech Republic,2023-02-24
1330,suzanne92,547,Clearly how challenge control.,404292,41234,686,28,Female,Albania,2021-05-14
9056,bob96,910,Carry himself mention production difference still.,288812,41218,118,51,Other,Saint Helena,2019-04-03
3166,kristindeleon,893,Deep employee close.,457449,25553,666,54,Other,Zimbabwe,2021-01-09
4557,morroweric,973,Structure image represent place evidence.,230000,44951,251,25,Male,Italy,2020-07-18
9649,denisewalker,783,Public stand soldier.,432796,12441,873,36,Male,Mauritius,2022-01-27
3369,staceyjones,657,Study name stock.,597053,18952,502,18,Female,Cyprus,2019-04-25
2408,tamara67,645,Defense sort to gun.,828567,43575,332,31,Other,Panama,2019-02-27
7934,jill42,789,Together government attorney cost.,329160,13668,881,28,Other,Singapore,2021-10-14
9187,kylearroyo,43,Consider bring left oil direction member.,890848,907,24,38,Other,Saint Vincent and the Grenadines,2020-10-31
2072,riverarandy,404,Institution officer decision may.,485247,17325,866,21,Male,France,2019-12-21
8181,john83,294,Store order state degree.,612284,30614,921,42,Female,Peru,2018-10-18
8482,rsanders,674,Couple discussion ability town.,806627,18964,776,39,Male,Iran,2022-04-16
2066,michelebates,292,Language knowledge hundred summer modern star.,501240,42781,852,36,Other,Cambodia,2021-12-28
4676,joe99,973,Start whole ahead over.,548815,3089,262,50,Other,British Indian Ocean Territory (Chagos Archipelago),2021-02-19
9667,underwoodmercedes,629,Have country first growth your become.,497303,27157,558,35,Other,Northern Mariana Islands,2022-04-26
1178,muellerstephanie,855,Add shake easy Congress reality ability.,542578,26132,721,52,Male,Australia,2023-03-19
9648,rebecca40,678,Use expect particularly more teacher north.,728857,16090,861,52,Male,Burkina Faso,2021-06-09
5760,williamwilliams,714,Them yeah pressure year hundred.,785604,33237,960,23,Other,Kuwait,2019-02-26
1794,fweeks,72,My minute sign wrong visit.,82013,12267,686,32,Other,Zimbabwe,2020-05-15
8280,david30,659,Fund benefit former civil.,30059,27863,242,38,Male,Burkina Faso,2020-09-04
4627,lauriemoore,478,Second purpose member president avoid face.,15050,12735,501,42,Male,Mexico,2022-05-24
2776,kathyporter,730,Save might I rise.,37385,1121,741,29,Female,Suriname,2021-03-03
6364,frank81,743,Particular evidence read.,805277,31691,701,57,Other,United States Virgin Islands,2022-01-15
2021,scotttimothy,380,Among explain far.,830216,47293,425,53,Male,Greece,2021-11-21
4675,donald90,887,Kid consider issue.,938225,25414,988,20,Male,Australia,2020-02-10
2949,fmoore,404,Talk body keep admit whole professional.,226591,43056,877,43,Female,Northern Mariana Islands,2022-12-25
3874,kurtoconnor,694,Grow none law draw civil.,67263,42751,382,22,Male,Chad,2022-11-01
9730,uhernandez,869,Between lose skin industry.,886243,49573,527,24,Male,Norfolk Island,2020-02-26
4971,donna96,584,Easy candidate expert way remember fish message.,902358,1672,467,49,Male,Bolivia,2023-04-20
1371,joannaarnold,364,Wide result race woman nor.,187034,47877,51,60,Other,Trinidad and Tobago,2020-03-27
2504,hannahbell,703,Thus old deal management.,606470,11146,336,41,Other,Yemen,2019-11-20
439,jonesmelissa,413,Food interest say daughter.,835205,30749,418,55,Other,Lao People's Democratic Republic,2022-07-09
6357,joseharmon,320,Great time professor thousand often trouble.,387348,21974,172,18,Other,Gibraltar,2020-01-25
1166,megan20,35,Build few cultural.,827539,7895,243,26,Female,Kiribati,2023-05-10
8543,orozcobrian,516,Green try dinner.,563128,26653,640,28,Female,Peru,2023-07-01
9063,wstone,369,One ability picture process usually.,201539,12651,611,46,Other,Cuba,2019-12-07
1452,whess,313,Fine understand late able market.,425793,18884,842,34,Female,Libyan Arab Jamahiriya,2022-09-30
5150,ricardosoto,498,Environmental place charge.,41181,17802,921,37,Other,Belgium,2019-01-03
8068,michael56,162,Drug tonight attention.,185875,6676,710,54,Male,South Georgia and the South Sandwich Islands,2021-03-06
3665,cherylcook,977,Ground history much do.,281818,3579,72,56,Female,New Zealand,2021-05-11
7155,nlopez,555,Challenge owner pull talk share into.,189403,36146,853,54,Female,Portugal,2019-09-23
9142,agarcia,36,Special two real skill customer care.,689016,42344,876,31,Other,France,2023-06-07
2417,vegakristine,645,Above course positive bit account field.,993227,4283,401,56,Female,Mozambique,2022-06-03
1147,lisa36,328,Great however people by quickly series.,776330,49666,112,33,Female,Guam,2019-04-26
3555,vwilliams,482,But politics eight exactly perform.,726542,2121,232,48,Male,Haiti,2023-08-13
283,kennethmorgan,887,Appear court animal easy coach.,155755,31837,466,25,Male,Costa Rica,2020-01-08
4357,darlene35,582,Music play apply spend attorney.,422476,48882,48,46,Other,Saint Lucia,2022-01-04
124,ogibson,701,Minute north thank within possible color.,812216,47595,640,29,Other,Pakistan,2023-07-30
4190,eileen33,300,Public able agreement game.,388681,32767,824,28,Male,Tonga,2022-01-10
1685,denise18,535,Story find soldier better between.,437090,33251,404,45,Other,Argentina,2021-10-02
6497,guerranicole,830,Among far good young realize establish.,982844,33868,945,27,Other,Nepal,2023-04-12
7862,williamskiara,647,Account wear fine poor.,671884,21971,35,22,Female,Niger,2021-05-16
1627,amy44,106,House part history size west southern.,608276,42533,259,25,Male,Faroe Islands,2023-07-01
671,juliemills,340,System campaign black.,155319,12755,147,42,Female,Russian Federation,2022-03-23
7109,zrussell,641,Smile enjoy free population.,539377,32862,484,34,Female,Portugal,2023-06-22
2071,solomonnicole,546,Able nature off.,538231,38933,280,44,Other,Turkmenistan,2021-04-21
3632,gloveramy,483,And national he effort.,759503,26359,920,56,Male,Mexico,2021-03-26
1171,boydheather,101,Finally show tough.,729201,2603,772,30,Male,Saint Lucia,2020-03-02
1010,lucasjohn,2,Health manage rise fill environment.,116353,2577,43,41,Female,Georgia,2020-12-27
1237,jacksonmartha,964,Finish themselves spend that scene.,244366,14823,189,44,Other,Canada,2022-10-25
8528,zcolon,781,Help realize help five mouth.,470483,13111,49,35,Other,Spain,2022-05-08
5218,durandave,409,Organization focus nice professional meet.,472357,1301,181,28,Male,Madagascar,2020-08-23
5576,mcoffey,206,Sing nature itself almost mouth operation.,221164,43715,8,39,Other,Slovenia,2019-07-01
4800,amandafrench,425,Finally benefit figure build.,780990,21040,388,34,Other,Holy See (Vatican City State),2021-01-28
3297,llyons,325,Thank beyond long discussion old.,918774,415,793,36,Other,Spain,2021-07-15
3834,msalazar,771,Item follow miss.,340990,4675,590,26,Other,Czech Republic,2020-09-21
4623,kathleencharles,927,Bed realize response class positive me.,263103,46824,270,58,Female,Spain,2022-08-01
7579,gary08,176,Set think establish town.,86224,14518,862,36,Male,Egypt,2019-10-23
4304,gkelly,205,House never executive sit true degree green.,561940,28038,739,20,Female,Saint Lucia,2022-02-21
4833,ewhite,562,Until west hard.,538068,26494,310,37,Male,Papua New Guinea,2019-03-11
5116,michael79,320,Candidate end situation already.,469503,44253,834,36,Female,French Polynesia,2020-11-11
9392,kathy87,704,Charge increase commercial.,890202,17414,239,31,Female,Serbia,2018-11-03
8870,jasmine23,281,That side strong.,357838,18692,222,27,Male,Liberia,2021-08-30
4745,hodonnell,559,Floor purpose process want water left.,354272,20572,905,41,Male,Norway,2020-06-03
3130,adamthomas,419,Argue sit pressure song degree.,751084,39228,915,35,Other,Denmark,2021-11-25
4218,mcclurethomas,546,Rest there parent order pretty must.,287571,30640,27,43,Female,Portugal,2023-09-27
7637,rachel92,843,Blood color collection raise simple mission.,765941,17185,203,48,Male,French Southern Territories,2019-04-19
7742,yorkpatrick,440,Left smile save prove service.,973588,11652,898,36,Male,Guatemala,2023-06-01
8138,kreeves,982,Go feeling local loss.,714953,49163,98,33,Male,Serbia,2023-08-29
3600,timothythompson,618,Through leader force bad.,649183,32209,945,28,Male,Guam,2022-05-23
5343,donna06,423,College challenge environment girl.,612878,15288,739,52,Female,Christmas Island,2022-01-14
7946,david82,710,Arrive per hundred.,677148,7228,855,43,Male,Guinea,2021-04-28
1483,ysmith,621,Forward reason case.,884471,27988,761,30,Male,Slovakia (Slovak Republic),2021-12-25
8214,troy23,377,Eat leave ok control.,928206,29723,115,18,Other,Singapore,2018-12-18
5552,mary13,581,Reach his million take.,411102,47010,900,54,Other,Faroe Islands,2022-08-31
4935,catherine33,454,Hospital amount natural window serve.,777916,24561,989,30,Other,Japan,2020-04-11
595,vhancock,68,History term reach strategy require strategy.,747970,48598,304,30,Female,Zambia,2021-09-15
5496,danielmark,909,Statement central race.,685755,47605,937,60,Female,Costa Rica,2021-06-24
9756,ckeith,244,Learn player man she accept economic.,538217,46208,92,20,Female,Uruguay,2019-04-30
5550,jchristensen,644,Clear guess well.,828791,43897,871,45,Female,Saint Barthelemy,2021-02-22
6854,bswanson,548,Mrs teacher do.,220814,11742,706,60,Male,Liechtenstein,2018-12-25
1811,carriegraham,794,Data talk brother would bad.,300359,20587,126,20,Female,Canada,2018-12-27
9853,amyyu,502,Here operation win shoulder owner area.,504587,42546,851,30,Male,United States of America,2020-02-23
2249,zpaul,281,Pretty pressure agent.,740644,45275,757,20,Female,Senegal,2023-04-15
5950,byoung,997,Country national call.,280530,26231,322,26,Other,Cocos (Keeling) Islands,2019-10-07
7343,tjacobs,314,Particularly popular reduce.,257135,43557,671,41,Other,Mozambique,2019-12-31
2909,carolbates,339,Toward body common.,150154,36599,235,25,Female,Cuba,2023-07-01
6002,vmccoy,110,Contain instead process whatever.,251926,20160,321,18,Female,Gibraltar,2021-04-07
1066,stewartanna,32,Though factor nearly or.,237682,30532,281,43,Female,Kenya,2022-12-31
9989,danagarcia,131,Money way culture apply carry detail.,912342,25497,798,36,Female,Oman,2018-11-13
2783,tanyataylor,64,Effect age rise however front loss.,966523,15906,797,53,Female,Belize,2020-06-05
7828,davidsanders,205,Put may them.,838187,23397,84,21,Female,Indonesia,2023-03-18
6599,amyking,229,Accept Republican serious player citizen.,701488,24462,327,48,Other,Korea,2019-06-29
5795,eric81,64,Power soon serious much.,730435,40329,288,45,Other,Hong Kong,2021-05-03
9358,shanefitzgerald,751,Whole garden measure.,773998,4479,666,58,Female,Malawi,2020-08-17
4438,ndaniel,32,Daughter light over not close dinner.,487233,27188,509,35,Female,Turkey,2021-10-01
2964,karen44,499,Administration situation stock.,499654,177,209,37,Female,Northern Mariana Islands,2019-12-08
4508,johnsonerica,171,Bad field cold that town unit.,834316,49792,567,30,Male,South Georgia and the South Sandwich Islands,2019-06-01
8695,jamesrobinson,162,Several blood only process would.,644657,23539,767,25,Female,Chad,2019-02-06
9560,barnessharon,361,Challenge president one long.,618197,45757,191,36,Other,United Kingdom,2019-05-27
3443,teresajohnson,872,Technology smile minute boy cause.,798083,35738,330,49,Female,El Salvador,2019-10-10
9517,davidturner,953,Continue movement work sort former.,444967,19983,788,34,Female,Djibouti,2021-07-21
5322,bradjordan,922,Purpose bill we create.,94888,21356,651,27,Male,Saint Pierre and Miquelon,2022-03-10
521,briggsrebecca,300,True well last person.,567168,16255,830,60,Other,Saint Kitts and Nevis,2019-03-27
4810,hochoa,72,Worker bank director.,29007,34754,94,30,Male,Costa Rica,2022-03-27
8580,brendan88,596,Interesting attack short.,900701,22755,238,38,Male,Saint Barthelemy,2020-09-22
9677,wcarlson,916,Get difficult enjoy approach watch hotel.,851435,31012,427,35,Female,Montenegro,2022-06-06
4232,jonathanmarquez,132,Than say American accept window be.,260265,11098,388,31,Other,Cote d'Ivoire,2019-12-03
838,lauren33,219,Suggest teach minute green.,873206,14532,393,18,Male,Lebanon,2023-06-02
2830,steven12,637,During make idea trial newspaper.,719037,7476,579,26,Male,Russian Federation,2020-12-04
1579,tonyjohnson,640,Face whether production myself too result.,635681,23332,481,31,Male,Lithuania,2022-09-26
4110,millermichael,788,Send discuss evening difficult safe.,223666,34824,89,30,Female,Czech Republic,2020-04-02
9201,burnsmichael,951,Doctor mention sister get.,351187,39539,312,26,Male,Suriname,2020-11-26
317,xharris,636,Who consumer above.,904558,21824,16,36,Female,Mauritania,2022-06-14
865,linda67,11,Compare fish develop again quickly us.,21656,36581,467,19,Other,Japan,2022-08-29
588,williamcox,508,Individual mind hear.,236805,10632,844,28,Female,Venezuela,2019-10-07
7629,suejones,814,Else happy today president.,522213,47822,95,24,Other,Madagascar,2022-06-07
7962,blackburndaniel,455,Our compare necessary read home.,229168,8425,757,26,Other,Syrian Arab Republic,2023-05-02
2823,avilastephanie,352,He theory tree.,477177,15932,750,44,Female,Malawi,2020-01-04
3033,snowpatricia,407,Inside term economic player give thing.,612807,21490,248,26,Female,Canada,2020-04-10
9379,jhuerta,154,Of blue explain professor.,204653,40388,415,33,Male,Seychelles,2021-02-08
9331,vschmidt,894,Listen deal final lead pay notice.,806276,131,224,29,Male,Liechtenstein,2019-02-21
372,leah52,959,Another stand law sign start.,718211,39044,51,56,Other,Georgia,2023-03-14
5402,sotomichael,421,Method behind especially she space against.,176496,702,395,50,Other,United States of America,2021-09-15
7621,ndunlap,577,You teach air citizen before author.,560636,24622,577,49,Other,Suriname,2022-12-08
1335,zgoodwin,221,Culture stay responsibility prepare amount rich.,11367,47388,738,26,Other,Antigua and Barbuda,2022-04-30
9289,adrian00,372,Those present line push girl.,971129,13460,654,21,Male,American Samoa,2021-08-31
903,ryandebra,148,Fund face power get.,261632,17004,203,53,Female,Martinique,2019-02-18
9999,lucaskevin,947,Section local service paper top accept.,561636,43153,794,58,Male,Korea,2021-04-04
8368,miranda32,820,Finish week admit talk ability.,179008,30606,423,56,Other,Myanmar,2021-08-17
4223,thutchinson,457,Model whole medical drop second.,162115,22456,253,23,Female,Kiribati,2022-07-02
4370,pmoody,843,Successful rich apply even single ground away.,13633,31780,85,56,Other,Sudan,2019-03-07
4852,sara78,822,Level produce travel animal.,482837,38417,241,59,Other,United Arab Emirates,2023-06-02
1421,maryoneal,469,Group quickly become he view level.,805814,28145,811,48,Male,Macao,2022-10-31
3998,salazarluis,602,Perform none carry law east.,1246,45864,270,48,Female,China,2021-07-11
1208,holly53,842,Blue popular drop.,395504,48610,404,48,Male,Bahrain,2018-12-22
2449,davidmcconnell,965,Base score year.,970330,17965,636,37,Other,Burkina Faso,2023-04-28
1578,allenhall,975,Coach although include west rather design.,561455,12165,401,22,Female,Swaziland,2021-03-10
4816,fosterwalter,729,Increase large hear.,240200,37313,991,33,Male,Turkmenistan,2019-07-08
3193,jonjohnson,155,Laugh line soon gas go.,864531,42424,300,40,Male,Singapore,2022-12-14
8788,jeffrey57,288,Actually city raise college senior sure price.,171035,39987,409,58,Other,Turkmenistan,2020-08-10
663,fpeterson,706,Soon strong religious show.,255663,31414,876,39,Female,Lesotho,2020-04-26
277,tammy70,627,Group network as.,656523,45532,927,19,Other,Kazakhstan,2021-10-03
8777,jennifermendez,69,Involve gas sign discover.,723360,29518,99,52,Other,Saint Helena,2019-03-20
7611,hector39,27,Near say themselves statement measure fine.,501770,49056,666,51,Female,French Southern Territories,2022-05-30
1681,joneschristopher,218,Affect which than image.,566016,22740,64,42,Female,New Caledonia,2022-02-08
8017,bpearson,989,Vote year shake.,321692,42738,280,33,Other,Tokelau,2019-09-20
5737,george79,620,Network them player report performance continue.,420263,32468,785,19,Female,Timor-Leste,2022-02-06
2879,kentday,616,Certain her read local.,93850,30267,627,37,Female,Bhutan,2023-09-27
4725,tanyagriffin,604,Up song field sell environmental ask.,24498,47327,440,39,Other,Kazakhstan,2019-12-11
8924,snowkayla,44,Story nation thank try PM individual.,762997,39166,562,19,Female,Colombia,2020-09-16
5876,johnblankenship,497,Science article how mouth.,891714,5105,479,22,Female,Poland,2019-04-15
9950,matthewmata,41,Great maintain several single anyone.,276091,16466,960,18,Male,Kyrgyz Republic,2023-02-19
7572,michael54,450,At speak never about.,677005,4996,685,27,Other,Wallis and Futuna,2021-07-20
180,matthew70,730,Defense throughout mission dream.,295728,41526,894,44,Female,Canada,2022-09-16
9134,franklin47,323,Day together relationship job above.,465680,49602,307,42,Female,Malaysia,2023-07-01
3365,debracook,443,Support enjoy game act my.,924778,34118,742,20,Other,Norfolk Island,2023-09-18
8842,brandon82,706,Available door consumer fear.,691688,40225,543,53,Male,Malawi,2019-10-20
1142,eric95,16,Option indeed discuss.,874145,49141,421,52,Male,Congo,2018-12-27
1623,qsmith,475,Stay speech station light.,840020,37085,888,21,Female,Isle of Man,2021-10-15
8520,gpayne,361,Remember evening sometimes put.,293134,6530,570,18,Other,Faroe Islands,2020-02-17
927,derek06,536,Station quickly price game TV.,313015,8663,709,51,Other,Kiribati,2021-01-02
5873,zdavis,938,Pull top its white.,256445,7048,725,51,Male,Ukraine,2021-05-15
1684,ubell,160,Tax on may.,739586,16845,42,37,Female,Greece,2019-03-21
5207,sampsonholly,198,Language language network accept religious method.,12225,47861,995,58,Female,Botswana,2022-08-06
6150,marktodd,363,Or focus commercial wind within soldier.,706016,15760,976,47,Female,Australia,2021-08-16
4923,smithdestiny,724,Allow arrive quite force Congress point.,813948,45498,299,44,Female,Taiwan,2023-01-21
8697,jessicarobinson,711,Particular dark list news purpose nice develop.,404562,39306,800,43,Female,Eritrea,2019-12-12
1389,allenlinda,251,One my but room staff respond.,476760,35493,173,29,Other,Lao People's Democratic Republic,2020-05-11
3634,fostercarrie,188,Within eye nor.,808899,4120,462,60,Female,Mongolia,2020-10-16
7585,dakota82,377,Yes exist almost candidate.,434956,31203,343,40,Other,Papua New Guinea,2022-12-14
9948,kwalker,647,Term serve building foreign.,49628,3108,5,28,Other,El Salvador,2020-01-03
5214,andersonmaria,453,Assume significant staff hear.,121254,47710,373,20,Male,Bulgaria,2019-08-09
2585,aaroncobb,347,Lead movement with year probably.,802184,29639,449,37,Female,Cook Islands,2023-03-20
6704,kimcisneros,514,Them two success.,71615,45720,737,55,Other,Northern Mariana Islands,2020-06-02
604,morrismichael,749,Consider source easy past mission.,522030,43580,126,54,Other,Antigua and Barbuda,2022-09-18
4974,vevans,500,Letter person husband result well.,94592,49300,418,51,Other,Tuvalu,2019-12-22
7623,robin63,159,Air state reduce guy music.,454234,26509,967,48,Other,Ireland,2023-09-03
6364,xleon,525,Team perhaps throw today involve soon.,549217,19123,418,32,Male,South Georgia and the South Sandwich Islands,2023-09-08
1545,douglaswilson,847,Still shake threat.,419786,2281,512,27,Male,Czech Republic,2022-06-19
5061,ysmith,808,Teacher mother early.,762218,39305,164,48,Male,Romania,2021-09-28
390,pmaxwell,160,Back industry surface possible own.,438622,8981,900,49,Male,Dominican Republic,2021-11-04
2894,pdudley,459,Popular but author before ever member.,918009,25742,260,20,Other,Turkmenistan,2022-07-05
6694,wnelson,441,Long add area citizen certainly food.,501754,37487,455,45,Other,Bolivia,2019-12-28
9535,cody94,715,Significant institution rest letter able once.,44463,42587,202,54,Other,Bahrain,2023-08-07
3730,msnyder,326,Beautiful design morning move least.,256695,36044,575,41,Other,French Guiana,2020-09-18
7906,cobbkelly,591,Effort approach people.,136652,38748,419,30,Female,Swaziland,2020-06-08
89,kari81,568,Minute professor then worry.,416961,24352,530,51,Male,Sao Tome and Principe,2021-06-17
1525,klewis,819,Act he letter majority.,895378,25891,848,29,Other,Netherlands,2023-03-01
9738,gbates,462,Phone around south top dream into.,983086,18532,114,53,Female,Oman,2019-07-27
7188,wnguyen,980,Always simple quality five whom whether.,210486,31394,580,26,Female,Vanuatu,2022-07-11
887,lisa22,662,Mother sort name particularly see fast.,558360,7638,891,33,Other,Japan,2018-10-16
5606,uhowe,492,Teach outside onto stand.,842584,15526,27,58,Other,Papua New Guinea,2023-03-19
5116,nicole45,565,Behavior hotel increase cause apply customer.,584917,11072,159,38,Female,Antigua and Barbuda,2021-05-04
8344,simmonsvalerie,536,Politics out room.,463899,46704,473,32,Male,Liberia,2021-01-29
6945,warrenjames,552,Various outside of three sometimes.,946577,2791,152,50,Other,Tonga,2019-12-19
5040,jacobcarroll,987,Identify central moment night.,950591,31649,489,32,Male,Samoa,2022-12-26
8992,porterjack,293,None wrong watch.,161122,33757,851,48,Male,Saint Lucia,2022-03-21
7853,wbrady,862,Level trouble kid data wonder.,236954,47083,311,23,Female,Saudi Arabia,2021-05-23
7481,thomasjason,942,Trip whatever now style yet night.,12503,33874,21,36,Other,Maldives,2019-11-28
8078,gibsoncrystal,274,Represent place generation.,191461,21984,136,21,Female,Lithuania,2023-01-11
1770,zpham,908,Someone here morning decide her simple.,415738,45435,988,18,Female,Pitcairn Islands,2020-02-26
6218,brookebrooks,611,Might car read material especially.,503131,29360,633,58,Male,Kenya,2022-11-09
3820,castillocarlos,305,Garden training daughter herself reflect friend.,185383,34340,877,49,Male,India,2023-08-31
7281,tsims,856,Figure answer which case.,414109,24861,906,23,Male,Netherlands Antilles,2022-05-02
6262,andrew00,864,Similar any set.,440654,39933,837,25,Other,Guyana,2020-04-23
1663,michaelrobinson,772,No energy natural chance bring.,301094,43528,719,56,Other,Antarctica (the territory South of 60 deg S),2019-08-23
5085,wendysloan,398,Must not instead degree write eye.,271938,13877,906,49,Female,Guam,2021-05-25
7473,fcastillo,344,Young per operation without day be.,719804,14909,412,60,Female,Congo,2022-05-08
3446,pamela98,795,Collection price loss.,35776,22302,585,41,Female,Zimbabwe,2022-02-20
4970,maldonadoscott,731,Other west them.,814647,5042,64,20,Other,Jamaica,2022-11-18
4567,codyjones,246,Agreement tell develop sing.,47822,4770,972,23,Female,Cayman Islands,2021-02-05
1864,wandahall,145,Any new without note.,364198,36239,202,27,Female,Azerbaijan,2020-10-27
5986,amber79,399,Model door understand.,553203,240,404,60,Other,Panama,2021-09-21
3417,lindahampton,506,Yeah writer site actually series.,356290,29280,885,55,Male,Cook Islands,2021-12-03
3655,joshuahoward,807,Table mouth though show moment.,355055,35087,441,49,Female,Cote d'Ivoire,2021-09-30
7921,woodwarddavid,251,Student general crime special.,274577,19599,872,49,Other,Kyrgyz Republic,2021-06-21
1145,vegakathryn,889,Morning reveal doctor.,145186,6592,84,22,Other,Palau,2023-01-25
4020,amandaleonard,629,Strategy thousand full again year.,992745,25610,310,58,Other,Mauritius,2023-02-12
1886,ywilliams,206,Gun last according.,301943,9354,382,22,Male,Micronesia,2020-07-19
8157,hinesgregory,871,Time realize name.,835213,28423,346,26,Other,Niger,2022-05-17
7073,susan02,907,Say far Democrat movement especially.,302728,21367,837,32,Female,Antigua and Barbuda,2020-07-21
3293,marycabrera,836,Plan country mind happen day.,388041,35880,9,22,Female,Bahamas,2020-01-28
839,nicholas41,676,Music play financial.,229418,18345,674,52,Male,Bouvet Island (Bouvetoya),2022-03-05
3716,kathrynwright,997,Mrs last region less what clear.,636946,28616,703,51,Male,Slovakia (Slovak Republic),2021-11-12
1026,lesliediaz,271,Order star meet per best receive.,966579,39151,854,49,Male,Brunei Darussalam,2022-11-09
5887,pdelgado,793,Interview later soon.,217574,12243,630,31,Female,Eritrea,2022-12-29
7039,elizabeth93,842,Large down detail write nature.,944985,22462,461,29,Male,El Salvador,2019-01-28
8602,zacharygregory,821,Ok exactly another stay try day.,221985,36779,557,29,Male,Jordan,2018-11-08
6918,walshjane,423,Agree eye ability chair rule oil.,585444,47064,467,31,Male,Maldives,2022-10-02
7764,stephenmanning,612,Expert green section door customer local.,326262,9433,660,18,Male,Botswana,2023-05-02
9625,leslie67,196,Large knowledge book.,3625,13696,660,60,Other,Saint Barthelemy,2019-01-25
9412,megangalloway,281,Do rate upon.,752703,23730,766,26,Male,Falkland Islands (Malvinas),2019-04-10
8464,alexandrasuarez,254,Employee growth Republican blood.,671658,25697,671,55,Other,Romania,2022-05-31
2807,phillipmatthews,152,Increase carry table.,48939,46245,575,60,Male,Grenada,2020-03-02
5450,daviselizabeth,970,Kind garden bring per spring international.,174050,34735,759,60,Male,Georgia,2021-11-13
1071,brycebird,680,Mrs behind camera up popular determine.,548366,17554,539,49,Female,Svalbard & Jan Mayen Islands,2019-11-18
6874,robert55,878,Attention better above stop.,143042,10580,782,46,Female,Svalbard & Jan Mayen Islands,2020-11-27
811,vwilliams,459,Always hundred improve yes girl.,189415,6391,818,26,Other,Romania,2022-03-02
6884,wmarks,975,Movement mean particular.,895231,16137,204,19,Female,Peru,2021-01-29
8508,ggrant,885,Future drug store eight.,725403,25584,603,49,Other,Korea,2022-10-04
4547,jamescurry,698,Ahead late evidence sport.,722413,38831,925,41,Female,French Southern Territories,2022-11-09
7244,christinemills,823,Fight security suffer any small.,655021,43788,702,29,Female,Micronesia,2020-10-17
3235,lhernandez,876,Represent allow artist.,190455,5155,765,27,Male,Nauru,2021-09-29
7284,colecatherine,385,Sign five inside card.,665014,3048,129,25,Female,Mauritius,2022-02-01
4628,iwright,181,Baby forget vote include good purpose.,248410,27856,941,40,Other,Sierra Leone,2019-10-16
7564,kenneth07,302,Situation sense bar.,428538,33082,793,31,Female,Cape Verde,2021-09-05
7015,susan44,680,Student fish page little.,122149,32249,600,34,Other,Taiwan,2020-04-23
7927,sschwartz,184,Change job event former heart.,797690,5471,909,46,Male,Uganda,2019-08-17
1170,patriciadoyle,120,Four sense control time.,555688,6025,216,29,Male,Libyan Arab Jamahiriya,2023-07-04
5612,jennifer53,444,Not sometimes manage sister certainly.,17780,30546,203,43,Female,Indonesia,2023-05-26
1492,lisawood,974,Draw forward few speak.,874553,24633,251,52,Male,Lebanon,2023-03-25
6617,christinalong,992,Right have job knowledge certainly involve.,502865,48599,664,42,Male,Congo,2020-10-18
9366,parrishstephanie,146,Actually wife participant.,444267,25583,345,52,Other,Malaysia,2021-12-24
6359,tina80,747,Home offer staff change nearly.,985207,12396,637,29,Female,Netherlands,2021-03-14
6036,john21,786,Feeling state wide management school.,359346,22611,529,38,Male,Eritrea,2019-07-25
6954,michael85,292,Budget technology probably cover let.,137998,343,41,46,Other,Indonesia,2020-09-19
2086,bchandler,177,Expect energy choose.,611051,47597,544,29,Male,Albania,2018-10-31
9365,drodriguez,187,Near night particularly mean compare alone.,896167,48525,49,24,Other,Peru,2021-08-09
4465,thomashill,221,Future still buy I that.,335296,39457,238,35,Male,Barbados,2023-03-21
3861,carla57,574,Put pull area until author.,160907,23456,660,47,Other,Taiwan,2019-10-01
5292,yshaw,124,Set among generation many total around.,647727,41404,103,27,Other,Niue,2023-08-02
1989,castillomatthew,876,Rest heavy value good science.,93927,15565,740,42,Female,Austria,2019-11-17
2364,nmarshall,757,Majority white life similar.,261671,8323,475,43,Female,Poland,2018-12-15
3073,zhoward,483,Pull attention language perhaps.,566005,38627,779,45,Other,Bahrain,2020-12-27
5416,robertchapman,766,Majority may few general.,476748,19946,975,38,Female,American Samoa,2019-04-28
5634,garciasamuel,651,Consider sea consumer without.,889283,2667,643,23,Male,Bangladesh,2021-06-19
2299,halljennifer,244,Yet boy would article.,335513,5913,506,59,Male,Belize,2023-08-24
6552,sandra29,194,Business father such past poor account.,786385,18432,0,36,Female,Norway,2019-05-30
4192,veronicafletcher,616,Building particular free fly fire.,688225,18844,822,48,Other,French Guiana,2018-12-12
364,christophernelson,359,Culture item call most.,232283,29809,252,31,Other,Saint Helena,2022-10-14
641,neil92,632,Be physical building respond better.,169777,11641,39,51,Female,Nauru,2022-03-17
1602,mcdanielmelissa,653,Show director tree his line.,755908,48376,988,40,Female,Faroe Islands,2022-01-08
63,maria63,822,Law assume owner them treatment.,669068,26109,530,47,Female,Qatar,2022-04-20
8711,pburke,282,Quite tree site front two treatment.,568098,35150,878,60,Female,Korea,2021-07-08
7412,pottershannon,607,Should reduce conference article.,501057,36792,376,32,Other,Spain,2019-12-21
538,welchchristian,487,Tax crime identify style rich plant.,496590,49364,607,20,Other,Seychelles,2019-10-11
7237,acarter,230,Would item thousand threat.,358148,37646,829,49,Female,Greece,2022-03-07
8659,tbates,768,Something natural because still hear indicate.,222523,24736,375,25,Male,Guatemala,2021-08-06
6060,imorrow,708,Magazine road real remember.,217834,44190,187,18,Male,Comoros,2019-02-28
789,murphykristine,226,Security recently film every south.,799379,33846,124,58,Male,Syrian Arab Republic,2019-05-26
8160,jennyhahn,415,Door some result his.,92762,42958,203,22,Other,Guinea-Bissau,2021-10-13
3753,vincent44,531,Require the finally.,528217,34947,725,49,Female,Suriname,2019-05-31
7245,reyesandrew,228,Determine water year.,454494,36265,273,35,Female,Burundi,2022-03-03
1711,amanda44,207,Major upon less.,159347,152,923,36,Male,Cayman Islands,2019-04-20
5845,fgood,464,True office lot environmental billion culture.,66685,19729,968,21,Female,Malawi,2023-01-10
7070,rtaylor,750,Information trade wait international network.,779565,36184,264,51,Other,Mayotte,2021-12-12
2332,marcwashington,215,Kind child option how.,445256,1767,618,48,Male,New Zealand,2019-03-04
1066,haleyjeremy,123,Central beat factor.,574956,24978,882,33,Other,San Marino,2021-10-06
8944,stephendunn,54,Successful house drive bed.,677132,16685,38,32,Male,Libyan Arab Jamahiriya,2020-05-02
8227,ashley06,131,World perhaps break necessary man.,753572,10085,152,32,Other,United States of America,2020-07-08
7429,andersonsue,908,Natural himself rate add skill study.,738151,27694,661,27,Male,Netherlands Antilles,2021-01-14
601,russell74,336,Stand some paper consumer her.,919145,4145,906,30,Female,Somalia,2021-11-01
5497,andersonrichard,22,Knowledge ask national lay center.,936341,43580,665,56,Male,Marshall Islands,2022-10-19
3257,hhaas,617,Worry success leave type start relate.,259635,19529,474,43,Other,Palestinian Territory,2020-05-15
596,crystalbrooks,183,Challenge together even moment every particularly.,785713,4489,120,19,Female,Tajikistan,2020-07-16
10000,stephen53,686,Expect money as anyone enough.,709852,36286,76,24,Other,Nauru,2022-09-01
4474,mholt,198,Above modern daughter.,112762,11132,665,50,Male,Czech Republic,2018-10-30
1882,cooperdennis,67,Morning food sort.,483968,25506,233,30,Female,Pakistan,2020-07-14
362,fuentessharon,923,Loss thousand goal teacher plan.,852104,27250,686,33,Other,Gambia,2022-10-17
6948,laurazavala,617,Bank high least watch.,845037,47205,507,20,Male,Saint Helena,2022-01-18
6178,barrdaniel,546,Management smile hear best fund.,138372,8041,329,52,Male,Iraq,2018-11-01
9615,bryanlee,582,Coach citizen player.,884523,16185,444,23,Male,Bangladesh,2018-11-18
7376,hwolf,437,Mention old practice.,585938,30107,731,19,Other,Albania,2023-08-07
2085,wheelerchristopher,616,Nice hold and describe without store.,282495,5530,483,55,Male,Thailand,2022-02-17
4901,jon67,885,Level walk also culture.,407115,4679,249,44,Male,Cocos (Keeling) Islands,2022-11-03
4764,hthomas,212,Daughter heart employee phone.,486579,41407,146,22,Male,San Marino,2020-05-25
1028,daniellepatel,980,Defense than arrive fear.,676514,9738,367,41,Male,India,2021-05-25
1153,snichols,136,Guy expert up rich national.,362147,49402,983,19,Male,French Guiana,2021-01-05
3159,bmccarthy,913,Guess note group important technology.,633646,32153,606,29,Female,San Marino,2023-06-08
8472,williamsrobin,372,New out recent treatment perhaps.,906739,1099,575,27,Male,American Samoa,2020-08-20
8067,bjoseph,305,Manager economic their available style.,769358,7897,618,52,Male,Swaziland,2023-06-27
6754,steven93,960,Each animal say toward.,245945,1493,843,36,Other,Lithuania,2019-10-24
6517,aallison,980,Standard half big significant bag half.,38330,14426,800,20,Other,Panama,2020-12-06
8301,davidorozco,715,Pattern ten per speech state hold.,48738,42304,695,46,Female,Malawi,2018-10-29
2215,jeffrey03,631,About language lose.,72190,4614,175,31,Other,Namibia,2021-09-26
1614,daniel58,592,Ready end foreign family dream recent.,290801,10332,50,19,Female,Ethiopia,2023-01-04
3311,kevin56,399,He drug see.,741167,15219,627,52,Female,Benin,2019-08-21
9804,gstephens,47,Never trial account.,27683,31000,970,36,Other,Anguilla,2021-09-30
8325,jessicaray,122,Picture dinner development of economic computer.,45912,15606,785,48,Other,Cocos (Keeling) Islands,2021-02-16
5193,brooke21,472,White walk care go.,163466,49968,841,42,Other,Mexico,2019-04-09
8147,salvarado,751,Edge all kitchen after difficult agency.,416821,10011,732,48,Other,Vietnam,2021-03-14
9326,campbelljoseph,81,Approach natural film address book attorney crime.,16106,47801,604,32,Male,Lao People's Democratic Republic,2022-06-02
8839,ramirezalexander,956,Way image sport measure.,945778,46928,354,59,Other,Christmas Island,2021-12-01
8161,coreynicholson,745,Image agreement bed raise book.,151587,43305,164,58,Female,Northern Mariana Islands,2022-11-13
2151,graceterrell,333,Travel forward despite should.,11202,9707,352,20,Female,Somalia,2022-07-15
1762,johnmartinez,777,Difficult friend stop.,203504,30824,919,26,Female,Svalbard & Jan Mayen Islands,2019-01-11
2490,dominguezjoseph,772,Lot various why thank.,101210,30192,457,26,Other,Eritrea,2018-10-27
3687,pturner,254,Our stay spend both forward.,120009,5408,872,31,Female,Sri Lanka,2023-02-19
1211,olivia81,871,Heavy enough development raise keep able.,540322,35855,559,54,Female,Jersey,2019-01-09
5969,kristismith,798,Husband cup grow use.,894632,35233,549,47,Female,Tonga,2022-01-07
8479,collinbrooks,308,Page down decade hair.,185839,7813,682,23,Other,Romania,2019-01-14
8406,tracyhogan,623,Cultural can economic.,524897,46888,84,46,Female,Micronesia,2021-05-03
6079,tlawson,752,Expert detail race.,495901,9898,267,18,Male,North Macedonia,2021-12-04
9057,wstanley,37,Bill coach price.,695108,6212,425,35,Male,Croatia,2018-11-08
8825,coryclark,82,Man themselves painting.,700212,8340,824,35,Other,Afghanistan,2023-09-13
6217,clarkdean,911,Six treat environmental nice budget program.,31398,7795,18,34,Other,Cote d'Ivoire,2020-07-05
4311,jacqueline96,952,Fund tax though.,10747,8648,439,27,Female,Hong Kong,2019-08-16
5847,silvaangela,717,Skin but compare son.,160068,793,381,49,Other,Palestinian Territory,2022-01-29
4253,ycampbell,840,As say quickly four system possible.,122578,18970,492,55,Male,Malta,2021-03-22
3847,ihancock,679,Local heavy usually.,453006,5580,557,38,Male,Bolivia,2019-01-22
126,michaelharris,795,Field minute join expect.,315317,24179,154,22,Other,Thailand,2023-08-03
3409,mrice,144,Stand benefit name particularly sport.,688274,49377,616,19,Male,Rwanda,2021-03-01
538,mcdonaldshelby,938,Include blood provide service find.,542699,3995,69,23,Other,Congo,2022-12-05
7525,danielle01,22,Ok shake likely big protect culture grow.,5484,18482,715,42,Male,Montserrat,2023-09-06
7504,hcox,425,Behind in six.,855084,6319,663,30,Male,Benin,2022-07-12
4600,benjaminbaker,801,Form table international.,300224,49341,466,45,Female,Bermuda,2019-07-27
1345,charlene18,948,Develop arm single.,906202,11954,998,48,Other,Ukraine,2022-11-23
838,jennylee,340,So case you plan so material.,599381,15567,244,40,Male,Poland,2020-04-20
937,rosssean,885,Main level lot admit.,344042,11682,686,46,Male,Estonia,2023-05-27
2350,qdavis,658,Ready another involve.,827663,29168,928,46,Other,Denmark,2023-07-30
6389,walkerelizabeth,438,Enough owner special star floor professor.,406884,43098,136,22,Female,Bolivia,2019-04-07
8409,campbellmark,639,City total PM.,902159,34716,524,43,Female,Cote d'Ivoire,2023-03-06
6240,wilsonjeffrey,131,Perform summer hair clear us.,241514,28826,121,20,Male,Palau,2020-12-04
1462,qevans,345,Onto candidate amount good.,570538,13333,670,57,Male,Sierra Leone,2019-09-27
297,samanthadennis,455,Whose doctor environment group.,897943,2596,969,23,Male,Saint Helena,2021-07-13
4012,zperez,305,Girl establish join even a.,199414,21491,917,41,Male,Turks and Caicos Islands,2019-06-27
2549,omills,443,Entire west who matter not.,112441,37690,732,32,Other,France,2022-06-14
5924,mary38,829,Interesting deal arm character score daughter.,609923,12945,627,42,Female,Costa Rica,2020-05-03
3125,theodore04,925,Politics officer player seek affect east.,787816,48130,917,54,Female,Taiwan,2021-06-29
7462,garyjones,311,Former half wait.,316962,20437,155,60,Female,Sao Tome and Principe,2023-02-27
473,bennettcarolyn,297,School wall development.,339188,31231,775,22,Female,Fiji,2021-07-07
7485,nicholasmontgomery,541,Table chance figure teach Republican husband.,38764,21582,197,18,Female,Jordan,2021-01-29
8670,qbaker,410,Ready room according around.,3836,24495,221,34,Other,Bouvet Island (Bouvetoya),2021-12-18
7282,wmartin,89,Next letter fly.,921459,10662,210,19,Male,Liberia,2021-05-16
189,ejacobson,471,Eye action even what forward.,405134,39934,658,55,Female,Tonga,2022-08-08
9984,petersenwilliam,499,Represent store reduce personal record.,384299,38349,802,51,Male,Costa Rica,2020-09-27
1299,emitchell,97,Every medical anyone democratic.,938507,43460,252,36,Male,Ukraine,2021-07-01
6101,tannerpennington,651,True group lay check yeah.,572341,44449,497,28,Female,Mauritania,2021-05-11
2539,georgehoffman,501,Late successful citizen.,886942,11861,535,20,Male,Togo,2022-06-09
8016,joshua24,857,Upon benefit now style whatever amount.,128750,47119,176,20,Other,Ethiopia,2021-06-12
1657,brianwilkins,313,Speech education garden society.,948379,35417,251,30,Female,Nepal,2022-07-10
3804,gonzalezjessica,630,Sense choice customer loss affect both.,615115,28314,374,22,Other,American Samoa,2020-01-17
217,mmiller,235,Director task near.,569988,24487,936,43,Male,Montenegro,2020-09-04
5790,annamendoza,358,Include common past.,912388,5292,0,30,Male,Georgia,2022-07-18
5210,robertsjohnny,470,Lead care garden off commercial character.,846145,18254,67,46,Male,Uzbekistan,2020-12-04
7245,ruizanne,726,Buy process such front.,792736,9625,219,32,Other,Algeria,2021-11-04
1522,cynthia29,30,See condition week it.,754212,48057,412,21,Male,Isle of Man,2019-12-16
4435,wilsondustin,434,Loss build human glass eight room.,620927,16841,32,33,Other,Kazakhstan,2023-04-16
1368,johnsonadam,685,Cost crime sound risk human chair.,449727,14241,197,28,Male,Mozambique,2020-10-22
4381,mfloyd,168,Become room wrong.,848533,24831,689,56,Female,Cook Islands,2023-08-15
1664,smithmegan,406,Effort whether interesting west sign.,403092,10828,106,54,Female,Macao,2021-08-29
9417,eric81,750,Clearly of occur national prove research.,871615,15547,869,28,Male,Colombia,2019-12-08
7344,richardsonheidi,628,Eight father window there physical there.,237975,33304,659,23,Male,Slovenia,2020-03-04
4315,jamesmoore,405,Development house already factor during.,524976,41042,37,57,Male,Liberia,2022-10-09
6404,johnathan81,222,Fear wind year week do food.,367056,33800,904,40,Other,Haiti,2021-07-18
6089,hwillis,283,Learn need machine everything.,418725,16690,299,42,Other,Honduras,2019-01-28
5984,timothyhayes,669,Point memory American customer education.,289264,37171,760,20,Male,Montenegro,2023-07-06
6247,hortonlaura,428,Instead anything none manager.,865844,24989,979,39,Other,Kuwait,2021-02-05
603,rebecca29,826,Management less bed short various.,54978,29393,948,30,Female,Costa Rica,2021-03-06
4284,christopher90,924,Station and explain office discover while environment.,437799,24005,904,34,Female,Kyrgyz Republic,2023-07-08
769,ebowman,503,Record miss pick contain trial.,274790,41800,429,42,Male,Germany,2019-09-05
9295,angelarowland,918,Stay up resource far medical.,814901,44563,262,29,Male,Ireland,2023-07-10
7760,mbishop,975,Itself nothing public dog.,714436,6842,73,30,Female,Latvia,2022-11-25
7858,carlsondavid,2,Phone message I what walk far.,180859,21250,686,51,Other,Moldova,2022-12-07
7564,morrisonkevin,630,Pattern color approach half although daughter.,867083,16303,459,54,Female,Slovenia,2021-07-16
3488,riverateresa,561,Knowledge tree race behavior last.,542578,35967,726,57,Male,Azerbaijan,2019-09-21
7144,gwilliams,578,Figure yourself Mrs.,827118,43030,111,57,Other,Philippines,2021-11-21
9873,catherinewilson,135,Fish speak simple instead view lot.,46169,10846,596,30,Other,Mexico,2019-10-13
6155,bowersisaac,352,Message day soldier.,579163,517,553,54,Male,Ethiopia,2020-01-02
6133,tpace,520,Energy suffer including.,507618,8363,972,47,Female,Netherlands Antilles,2019-02-18
5387,elizabethsosa,799,Impact growth population get send create.,445578,27687,465,28,Female,Egypt,2020-05-06
6791,millernicholas,246,Other bank here performance.,795402,23758,538,47,Female,Syrian Arab Republic,2021-05-12
5354,jesus08,227,Very line structure.,787157,48325,565,41,Other,Mexico,2020-06-28
8354,lawrencemichael,569,Need someone early you capital.,10420,37118,305,52,Other,San Marino,2021-01-12
8179,christophermiller,628,Education laugh table be.,14624,4236,869,52,Female,Costa Rica,2019-11-13
6213,kingtina,964,Window history stage herself teacher.,211816,39677,12,31,Male,Wallis and Futuna,2022-04-28
8191,phillipssandra,597,Strategy accept but southern piece.,78570,32431,416,57,Male,Bolivia,2021-07-24
4754,brittanyhays,246,Us energy real community under board.,32381,43342,785,52,Other,Guatemala,2018-09-30
4502,rscott,484,Senior day call through black.,356237,4029,465,39,Other,Poland,2023-06-21
8963,jeffery70,799,Hospital special argue decade line help.,259553,28392,470,21,Male,Zambia,2021-04-05
1545,brooksleslie,337,Despite oil lawyer Democrat professor.,183283,21702,254,29,Male,San Marino,2019-12-28
809,mcdonaldcody,82,Scene study hospital floor responsibility.,99069,14056,327,59,Male,Netherlands Antilles,2021-11-11
3822,browningsamantha,270,Heart down accept week son.,572524,14212,522,52,Female,Norfolk Island,2023-07-31
865,zacharygriffith,973,While major study mind respond if.,370873,11579,530,38,Female,Cayman Islands,2022-03-02
1832,sherrera,958,Pull policy sense life develop career.,721191,45188,354,50,Female,Morocco,2022-12-09
980,cherylwarren,495,Position face name whole charge.,84004,2039,910,18,Female,Netherlands,2019-09-10
969,jasonthornton,408,Story represent before.,610170,49225,256,44,Female,Namibia,2018-11-26
6851,shannonwheeler,951,Include moment large.,27614,46767,437,57,Female,Togo,2023-04-21
4038,robert54,410,Thank situation traditional say try see.,356064,29872,390,58,Other,Eritrea,2023-03-14
9411,shelly28,70,Size want hundred.,192387,13219,887,26,Female,Gabon,2020-10-26
8841,matthew77,456,Make specific money color card.,393579,12700,771,56,Male,Belize,2019-06-25
6858,andrea44,908,Together exactly direction thing also ahead surface.,850731,38854,668,44,Other,Isle of Man,2020-02-22
9727,tony97,146,Who how reason.,125444,14731,311,25,Female,Jamaica,2019-01-29
8241,ibarnes,247,Produce between information.,283894,9523,995,18,Female,United Kingdom,2020-08-25
1039,jordanashley,859,Myself technology tend reach.,972742,19193,106,35,Female,Taiwan,2021-01-23
5936,millercraig,178,Buy than word themselves.,535103,3601,106,25,Female,Mongolia,2021-09-15
7173,floresjoyce,748,Benefit bank pressure total yet relationship.,953595,33145,462,54,Female,France,2019-02-21
3405,nlopez,584,Machine week nothing age another you.,823166,41899,744,60,Other,Djibouti,2022-12-17
1137,kleindanielle,26,Various environmental as.,508310,28623,163,36,Other,Antigua and Barbuda,2019-12-14
8802,craigsuarez,847,Close watch into type significant own.,901629,19648,878,43,Female,Central African Republic,2022-07-03
1736,josephtucker,827,Plant treatment list sea fly.,413751,4908,488,55,Other,New Zealand,2022-01-21
2090,lesliepearson,143,Month gun should sea president.,815203,9296,933,22,Male,Reunion,2022-10-26
3802,steven61,127,Fight region lot.,362688,41580,641,31,Male,French Southern Territories,2018-12-26
159,bbennett,396,Throw generation fight big.,120137,23846,938,21,Male,United States Minor Outlying Islands,2022-09-06
7842,mary73,437,Learn teach color affect allow water.,917869,43929,723,22,Other,Western Sahara,2019-01-03
2487,sharondavis,547,Exist break above doctor accept.,691995,20740,1,33,Female,Guadeloupe,2022-10-20
463,claire46,156,Reveal ask level discuss customer.,220091,29059,129,27,Female,Kazakhstan,2022-01-11
4375,karenmorris,219,Stand campaign model chance.,64039,23374,266,50,Male,Burkina Faso,2018-11-14
3803,fberger,201,Place get statement.,229399,11582,773,36,Male,Korea,2022-05-09
1695,beltrankimberly,183,Listen water part.,121673,10028,351,42,Other,Comoros,2020-01-22
7365,kmccullough,691,Allow defense remain do factor.,692043,1351,489,40,Other,Greenland,2023-08-13
9536,tmccormick,823,Trip network out together speech build.,680384,14152,94,38,Male,Jamaica,2022-08-09
3358,vhaynes,882,Return wall same.,965419,27764,94,27,Male,Saint Martin,2020-12-04
3627,john51,713,Spring option compare break.,154460,24266,76,26,Female,Guadeloupe,2020-02-08
4878,alyssaallen,288,Big amount lot successful recently book.,244927,9218,661,47,Other,Turkmenistan,2022-01-17
6673,msandoval,228,White likely quality plan reality.,796548,27443,190,23,Female,Austria,2020-09-18
7308,amberrogers,36,Fly road stuff.,550816,9758,476,52,Female,French Polynesia,2018-10-08
8040,tammy22,432,Surface nature bring into mission.,87751,27491,332,59,Male,Angola,2023-02-12
6926,christine90,205,Next rate at close catch shake.,178886,10413,441,28,Other,Saint Pierre and Miquelon,2021-05-20
9080,watkinsjoseph,234,Evidence floor where itself should left.,738885,14766,470,20,Male,Gibraltar,2020-06-28
675,emily96,343,Street laugh under find.,998135,47514,22,21,Other,Spain,2021-03-07
7298,deandavis,839,Itself but husband food.,161429,32468,830,23,Male,French Southern Territories,2020-03-03
7491,rodriguezaaron,691,Measure customer music.,677039,26071,171,38,Female,Tonga,2019-10-26
2004,zking,525,Dog sure statement.,882798,46131,265,53,Female,Equatorial Guinea,2019-12-23
1519,sarahmills,701,Through according by professional nearly indicate.,917070,21494,663,60,Male,Costa Rica,2021-01-20
9864,bankskelsey,245,Left response development worry.,601631,26693,477,53,Other,Guinea-Bissau,2019-12-02
8958,ohorn,476,Contain like lawyer us suddenly.,532696,4493,848,52,Male,El Salvador,2022-06-17
9066,mariavalenzuela,41,Enjoy watch despite single process.,161858,19512,976,45,Female,New Caledonia,2020-01-04
4474,kimberly08,837,Use use Democrat coach.,688678,32635,14,38,Male,Guam,2019-02-28
5779,lisa26,940,Thousand reach under.,732594,8675,564,57,Female,Saint Lucia,2022-12-27
3195,jeffreystephens,824,Concern total star.,162743,40878,70,18,Female,Lithuania,2021-02-08
2984,ilopez,590,Clear theory land.,277310,44050,368,24,Male,Sierra Leone,2020-02-04
9401,joshuamorales,481,Least maintain course.,356449,2852,238,52,Male,Angola,2022-03-23
1757,lisa41,408,Foreign suffer space force piece.,626209,29970,907,40,Female,Sweden,2021-10-06
9308,smithmelissa,851,Talk cut glass within these thousand.,367264,23300,816,55,Male,New Zealand,2022-06-18
6215,baileychristopher,45,Stay respond material debate.,203957,18241,975,44,Male,Zimbabwe,2018-10-31
9176,nflores,562,Baby follow check travel.,426710,44568,93,59,Other,Kenya,2023-07-25
2134,walkerbenjamin,948,Fly mouth during current sport.,122462,6226,935,51,Other,Russian Federation,2023-02-04
2804,martinezseth,255,Forget already themselves south stop fish.,375279,295,491,32,Female,Timor-Leste,2019-05-27
9104,wcollins,645,That miss read somebody today language.,219874,6394,278,32,Female,United Arab Emirates,2019-01-30
1616,bmclaughlin,254,Read and must into.,702368,20588,431,51,Male,Venezuela,2020-07-09
1496,anovak,480,Claim different send whatever public each explain.,102273,7187,25,38,Other,Vietnam,2020-02-10
7300,angelacantu,313,Alone land minute.,511555,5560,974,30,Male,Saint Lucia,2019-07-04
4972,donnagutierrez,777,Market factor when produce oil.,876467,44493,172,25,Other,Belgium,2019-11-09
5003,joseph64,261,Source hour ask clearly human government.,726605,11233,142,27,Other,Congo,2019-05-25
2618,zpeters,985,Finally catch subject whom its particular.,969059,48535,330,19,Male,Uganda,2022-02-10
8874,curtisnolan,402,School upon fill.,46488,35882,495,22,Male,Gabon,2021-06-06
2886,madeline02,567,Couple market produce.,33718,27673,774,44,Female,Dominican Republic,2019-10-13
1769,allenmolly,683,Site term week line college.,426674,18753,234,39,Female,Guyana,2020-07-05
7303,thomaslarsen,798,Every heart sport.,645394,3470,366,31,Other,Congo,2021-07-16
9294,pricerebekah,534,One weight doctor own.,582259,12005,546,30,Male,Myanmar,2020-09-11
999,charles55,435,Local moment special national perform happy.,479270,39032,559,48,Male,Timor-Leste,2023-02-22
9909,cmcdowell,109,Board part public same might.,957242,5013,725,53,Female,Christmas Island,2019-06-03
8987,whitneyjohnson,129,Whose site father yourself hair continue.,463594,17577,392,43,Other,Albania,2023-04-25
4166,amberedwards,378,Campaign catch four than Mr hand.,547015,2617,798,40,Female,El Salvador,2019-05-19
2066,bramos,854,Wish her could him.,183792,35342,29,48,Other,Cyprus,2022-02-28
3655,zmunoz,75,Newspaper campaign machine involve.,991141,18751,443,27,Male,Rwanda,2020-10-24
9711,richardsdavid,812,Fact find collection music professor.,331472,22320,886,20,Female,Grenada,2020-08-03
7673,gholland,40,Shake himself beyond care herself civil.,58518,11818,11,44,Other,Hungary,2019-03-10
8424,christopher57,708,Air stage center.,44953,25131,88,34,Male,Nauru,2022-02-16
820,charles96,618,By remain organization eight.,555409,49522,791,30,Female,Heard Island and McDonald Islands,2022-04-09
1866,santiagowilliam,688,Reduce particular store.,962317,45802,66,22,Male,Pitcairn Islands,2021-05-06
1981,joseph53,272,Light rule indeed us or.,694993,15840,137,60,Other,India,2020-02-10
6773,frankandrews,229,Country image between.,399393,14416,987,58,Male,Sri Lanka,2021-08-08
1574,mooretina,241,Wear start all enjoy.,362605,12483,515,30,Male,Saint Vincent and the Grenadines,2022-09-16
170,patriciariley,246,Few process attorney including.,179192,41587,601,23,Male,Andorra,2019-12-24
5652,bruceyates,215,Good statement right sign.,610465,15666,274,37,Other,Belgium,2020-12-11
2815,paynetracey,857,Various people word up know.,353035,25946,424,32,Male,Tunisia,2021-03-08
9360,anita06,321,Material part situation.,95952,48746,737,35,Male,Western Sahara,2020-03-21
6235,zacharylewis,48,Marriage visit sign whatever detail.,914602,5413,437,35,Female,Spain,2023-03-13
1556,ortizmason,737,Lay population allow.,61103,26864,569,53,Male,Bermuda,2022-09-07
2171,christinalopez,272,Interesting news political yourself indeed.,867988,14149,759,27,Male,Moldova,2022-04-24
1576,michaeljohnson,452,Ground investment go couple.,326449,4003,291,36,Female,Denmark,2022-10-05
8681,theresa59,640,Money run seem house.,897739,10352,390,46,Female,India,2019-04-24
8302,stacygill,372,Feeling shake environmental.,531002,41322,618,34,Male,Malawi,2020-12-16
926,marvin08,778,Quality away top bed his.,29423,17896,274,21,Other,Zambia,2020-09-07
699,reeseerin,705,Foreign watch buy design.,650195,17625,169,34,Other,Guinea-Bissau,2020-07-01
7901,watersmark,398,Arrive current ten.,997252,12438,749,28,Male,Papua New Guinea,2020-03-31
2821,hannah98,817,According real staff usually next.,764103,21584,190,21,Male,Austria,2020-01-22
405,cynthiarodriguez,450,Person in although power matter.,208512,13404,126,26,Female,Sao Tome and Principe,2020-04-21
6745,bgordon,685,Set since author.,525080,11562,279,50,Female,Monaco,2020-01-15
7270,brenda40,740,Trip rest doctor clearly.,71654,5918,226,20,Male,Montenegro,2019-11-07
3563,bryan53,456,Act nature common ever.,648182,4935,2,41,Other,Croatia,2020-02-21
9811,austinmccarthy,233,Choice pass whether.,125258,24131,81,35,Female,Saudi Arabia,2023-04-09
7298,donovankevin,268,Ten wrong leader.,803472,28850,627,24,Male,Slovenia,2020-03-02
9077,emiranda,785,Door nice local human.,575137,10206,966,33,Female,Turks and Caicos Islands,2019-09-14
1734,iharris,935,Up operation on change goal read.,97622,42040,137,34,Other,Pitcairn Islands,2022-05-20
550,xcraig,310,Couple raise blue national religious treat.,862083,28633,848,45,Other,Aruba,2019-03-02
4570,andrea28,218,Brother all scientist he.,541768,37006,465,47,Male,Svalbard & Jan Mayen Islands,2019-11-22
727,brownashley,778,Left government middle free history.,41402,29902,892,24,Other,Timor-Leste,2019-11-02
7860,ecastillo,638,Machine apply third woman compare possible.,375282,7314,126,22,Male,Gabon,2019-10-07
5798,ccabrera,215,Window world two third author.,195737,15218,775,46,Other,Portugal,2020-02-06
3223,velasquezhannah,828,Machine season when popular.,554196,11620,362,46,Female,Ghana,2020-02-18
1942,vmiller,872,Reflect half your.,217242,44829,755,23,Other,Somalia,2020-03-12
2094,yatesheather,81,Nature population hour that note cultural.,441480,2215,659,48,Female,Ecuador,2023-09-02
9097,alejandronixon,996,Another marriage something property still.,955164,13387,403,20,Female,Denmark,2020-03-23
7522,kelseyconner,495,Candidate fact medical music year.,558212,23780,685,25,Other,Belize,2021-08-13
4646,walkerdavid,452,Certainly fast individual send six any.,38868,8045,878,38,Male,Greenland,2022-06-14
2173,lynn09,324,Hour someone age.,854546,36724,960,27,Male,Yemen,2019-04-19
8937,meyerjustin,306,Expert attorney create pressure woman.,338465,47135,219,21,Male,Saudi Arabia,2019-08-10
225,garciagregory,216,But age debate degree key.,675186,20736,317,49,Male,United Arab Emirates,2022-02-12
7147,robertweber,858,There camera middle occur past.,972409,11591,750,42,Female,Niue,2020-04-08
7152,mariagoodman,599,Alone business wear no read medical.,706632,13721,232,25,Other,Haiti,2020-02-10
2889,fwhite,76,News ready lawyer phone court human.,580276,1426,660,20,Male,Jordan,2019-01-23
8632,smithkatie,992,Phone factor few attorney.,836061,525,989,19,Female,Tuvalu,2022-07-01
6727,carternatasha,884,Religious evening list white.,735180,7660,962,24,Other,Lao People's Democratic Republic,2022-09-28
1415,kristajohnson,627,Social never group.,334729,45118,766,33,Female,Cameroon,2019-10-08
9573,grichards,941,Record toward control energy include every.,308670,22008,750,51,Other,Heard Island and McDonald Islands,2021-04-29
3894,moonjames,761,Commercial describe race last.,445711,34170,62,51,Other,Portugal,2019-01-13
6982,kristinbryant,881,Another else live.,338690,45136,412,42,Other,Namibia,2021-10-20
2634,thompsonapril,388,Maybe kid pay resource kind.,300951,4337,214,30,Other,Gabon,2019-05-04
3044,zwood,69,Mean edge eat.,574970,38439,8,45,Female,Lesotho,2023-03-01
3172,renee00,822,Bring represent play.,745340,22577,512,32,Other,British Virgin Islands,2023-07-23
14,cmitchell,575,Produce race difference collection.,510921,28253,828,21,Female,Hong Kong,2019-06-19
6379,smithnicholas,669,Table drug last state meet.,392273,37598,350,34,Other,Palau,2020-06-28
1867,jzamora,64,Effort beyond site same.,872991,21127,420,53,Male,Bahrain,2023-02-19
5550,hulltimothy,351,Bit democratic because.,864596,17969,614,21,Other,Egypt,2022-06-05
4194,ualexander,445,Republican operation give this rise democratic.,170024,34046,779,51,Female,South Georgia and the South Sandwich Islands,2020-08-20
8919,madisonbrown,827,Address risk outside idea senior page.,439433,32145,173,25,Female,Ireland,2023-01-20
8926,david87,846,Red investment loss.,234854,24848,16,48,Female,Germany,2022-04-14
1196,brandon41,779,Cost affect present military area.,467407,15812,118,41,Other,Bosnia and Herzegovina,2022-08-17
3756,gjarvis,409,Then program since yet natural away.,89791,42979,729,57,Other,Congo,2020-03-23
5004,scottgill,865,Sign value thing myself.,103034,20609,80,60,Male,Montserrat,2021-07-22
6418,gtorres,422,Surface soldier paper.,895769,24868,396,59,Female,Puerto Rico,2022-05-31
7798,oburns,359,Bank policy require really about.,950534,35683,980,40,Other,Guadeloupe,2021-10-15
4898,marcusdrake,993,Health talk day computer religious word.,690868,45666,504,20,Female,Timor-Leste,2022-06-26
9952,robert69,738,Before week over development low admit.,11008,9745,595,29,Other,Honduras,2022-03-02
8427,jennifer13,791,Want happen politics debate.,176408,9135,159,35,Female,South Georgia and the South Sandwich Islands,2021-12-03
2921,kenneth62,430,Radio look win personal degree red.,831521,7464,960,33,Other,Bangladesh,2021-05-28
3231,stacey59,125,Let full fire.,364954,19617,802,18,Male,Palau,2023-02-23
7416,ohuang,840,Truth future art agree meet market.,589199,6578,130,52,Other,Poland,2023-05-16
4611,rebekahward,644,Others how environmental personal exist base.,953465,19852,315,31,Male,Bahrain,2022-03-09
4351,herringashley,315,Available international moment girl meet store.,698975,21646,23,29,Female,Mongolia,2023-05-13
2582,pearsonkristine,311,Near next shake.,708144,13092,156,46,Female,France,2021-01-10
1048,thompsonsherry,433,Agency north high.,764264,21169,650,45,Male,Cote d'Ivoire,2020-07-26
7153,eric19,595,Your painting itself main.,514642,16673,235,47,Male,Antigua and Barbuda,2020-10-07
641,pattersonjeanette,580,Personal everyone whole authority.,572380,49385,486,41,Male,Saint Helena,2021-04-17
2864,prestonkaren,790,Else choose start throughout improve easy.,862259,49517,450,52,Female,Madagascar,2021-01-10
8838,michael57,383,Between agency explain building on.,888515,15828,97,37,Male,Brunei Darussalam,2019-06-10
8609,wilsonheidi,459,Kid together scene.,302854,20591,864,58,Female,Slovenia,2020-09-18
8609,kevin61,822,News lay medical kind debate large.,358311,2139,569,36,Other,Yemen,2018-12-20
263,taylorkeith,386,With mother mind affect special.,621856,23481,832,21,Female,Isle of Man,2022-10-15
8705,christinagarcia,749,Win allow shoulder order than.,566601,27058,748,21,Female,Benin,2019-11-02
5506,obell,460,Sea save avoid guess.,816669,24797,331,18,Female,Slovakia (Slovak Republic),2019-02-07
5062,felicia49,277,Like education two particular.,810943,24812,743,22,Female,British Indian Ocean Territory (Chagos Archipelago),2018-12-24
4119,hermansherri,173,Garden style plant most up.,518578,24806,192,37,Male,Lesotho,2020-12-30
7348,kevinwarren,794,Culture big hospital impact.,60280,10028,620,51,Other,Djibouti,2018-11-25
4346,bgarcia,165,Growth concern participant finally.,641842,17860,331,36,Female,Bangladesh,2022-05-15
2892,raymond30,261,Doctor TV kitchen state.,167359,27111,622,49,Other,Malaysia,2019-05-12
6999,heathermurray,382,What local expect.,770907,24026,712,31,Other,Guatemala,2019-06-30
9250,carol58,207,Response under red join our.,388966,48687,594,57,Female,Armenia,2023-09-16
9267,bjordan,287,Should song lose health.,915774,44197,89,55,Male,Australia,2021-07-19
4642,qwilson,936,Ever yeah son place.,81488,103,15,48,Male,Germany,2020-05-01
9893,pballard,491,Test poor project employee one tell.,207193,5854,23,28,Other,Iran,2019-03-16
4095,velazquezmichael,525,Weight officer card.,425466,12312,5,22,Other,Kazakhstan,2022-08-26
3902,leahlee,712,As young try radio.,650829,3523,474,27,Female,Mauritius,2022-02-06
6782,sandra58,702,Be staff brother.,981535,18194,369,33,Other,Israel,2021-06-22
6935,cfarrell,67,Art seat out.,947745,20011,898,34,Other,Serbia,2021-10-21
5638,matthewmeza,624,But several dog hope southern.,497436,31776,708,21,Other,United States Virgin Islands,2020-08-20
8475,peter24,871,Point way both.,843917,3807,57,41,Female,Saint Lucia,2022-07-07
7358,waynethomas,285,Lot democratic off.,216652,45092,935,50,Male,Brazil,2018-11-20
7089,woodardkaren,77,Easy story toward central car.,480181,36830,758,45,Male,Svalbard & Jan Mayen Islands,2020-02-05
3746,tiffany72,685,Item suffer responsibility.,825336,48625,683,45,Female,Ireland,2023-01-30
7688,danielleperez,751,Teacher later last wear.,555025,10426,428,48,Female,Ireland,2019-10-12
5603,lross,48,Blood plant rather owner decide which.,734374,17002,748,45,Other,Taiwan,2022-05-29
368,frenchjennifer,690,Ago watch likely.,530691,37148,510,26,Other,Greenland,2020-11-06
3903,rodriguezgregory,396,At employee though.,913457,16095,927,36,Female,Mexico,2020-04-20
5474,ygross,282,Always instead talk.,322215,23784,616,46,Other,Cape Verde,2022-12-20
9602,bbuchanan,348,Thus need without grow perhaps.,73991,24374,988,27,Female,Congo,2021-07-02
6684,christine66,105,Anyone type wish population himself.,644441,48525,48,24,Male,Bermuda,2021-10-17
1687,davidwright,330,Inside watch politics cost.,934189,33676,900,25,Female,Luxembourg,2021-06-30
9188,kevin50,920,Hotel white go expect hold bill.,924304,48001,751,27,Female,Guam,2020-06-18
3533,thompsonbenjamin,382,Eat product guy agency.,827538,29637,929,31,Female,France,2023-02-13
3771,jean85,247,Grow personal various.,374232,46487,98,42,Female,Western Sahara,2019-01-20
7746,tarapacheco,849,Watch PM training take ground.,292088,27960,405,19,Male,Taiwan,2023-06-07
3540,greenkarla,507,Picture piece worry attorney then read organization.,790594,25553,697,21,Female,Cote d'Ivoire,2020-04-10
6594,stephanie05,970,Window go around hear threat.,418868,15008,108,37,Other,Sri Lanka,2020-09-28
4981,lcarroll,482,Himself hope century expect.,249051,35960,675,55,Female,Burkina Faso,2023-09-07
101,mccarthystephanie,301,List traditional history public mind music read.,898800,763,51,41,Female,Mauritius,2020-12-29
